change_id,change,change_type,author
0,e,insert,Alex Goldstein
1,y,deletion,Alex Goldstein
2,r,deletion,Alex Goldstein
3,19th,deletion,Alex Goldstein
4,nineteenth,insert,Alex Goldstein
5,.,insert,Alex Goldstein
6,",",deletion,Alex Goldstein
7,including,deletion,Alex Goldstein
8,These include,insert,Alex Goldstein
10,combined to create,deletion,Alex Goldstein
11,created,insert,Alex Goldstein
12,the respectability of,deletion,Alex Goldstein
13,’ respectability,insert,Alex Goldstein
14,s,deletion,Alex Goldstein
15,"In fact,",deletion,Alex Goldstein
16,T,insert,Alex Goldstein
17,t,deletion,Alex Goldstein
18,quite,deletion,Alex Goldstein
19,A,insert,Alex Goldstein
20,a,deletion,Alex Goldstein
21,19th,deletion,Alex Goldstein
22,nineteenth,insert,Alex Goldstein
23,.,insert,Alex Goldstein
24,;,deletion,Alex Goldstein
26,A,insert,Alex Goldstein
27,a,deletion,Alex Goldstein
28,it was adopted by,deletion,Alex Goldstein
29,adopted it,insert,Alex Goldstein
30,",",insert,Alex Goldstein
31,",",deletion,Alex Goldstein
32,ABA,insert,Alex Goldstein
33,A.B.A.,deletion,Alex Goldstein
35,",",deletion,Alex Goldstein
37,the,insert,Alex Goldstein
38,[and so on],deletion,Alex Goldstein
40,obviously,deletion,Alex Goldstein
41,strategies,insert,Alex Goldstein
42,prototypical public interest impact litigators,insert,Alex Goldstein
43,lawyers,deletion,Alex Goldstein
44,.,insert,Alex Goldstein
45,", those prototypical public interest impact litigators.",deletion,Alex Goldstein
47,all of this,deletion,Alex Goldstein
48,these practices,insert,Alex Goldstein
0,e,insert,Alyson Raphael
1,y,deletion,Alyson Raphael
2,tried,deletion,Alyson Raphael
3,tied,insert,Alyson Raphael
4,nineteenth,insert,Alyson Raphael
6,19th,deletion,Alyson Raphael
8,:,insert,Alyson Raphael
9,;,insert,Alyson Raphael
10,",",deletion,Alyson Raphael
11,;,insert,Alyson Raphael
12,",",deletion,Alyson Raphael
13,;,insert,Alyson Raphael
14,",",deletion,Alyson Raphael
16,s,deletion,Alyson Raphael
17,it is,insert,Alyson Raphael
18,we know it,deletion,Alyson Raphael
19,known,insert,Alyson Raphael
20,“,deletion,Alyson Raphael
21,”,deletion,Alyson Raphael
22,A,insert,Alyson Raphael
23,a,deletion,Alyson Raphael
24,nineteenth,insert,Alyson Raphael
25,19th,deletion,Alyson Raphael
26,:,insert,Alyson Raphael
27,;,deletion,Alyson Raphael
29,it,deletion,Alyson Raphael
30,American Bar Association’s,deletion,Alyson Raphael
31,ABA’s,insert,Alyson Raphael
32,.,deletion,Alyson Raphael
33,.,deletion,Alyson Raphael
34,.,deletion,Alyson Raphael
35,",",insert,Alyson Raphael
37,",",deletion,Alyson Raphael
39,B,insert,Alyson Raphael
40,And b,deletion,Alyson Raphael
41,also,insert,Alyson Raphael
42,specifically,deletion,Alyson Raphael
43,Start with,deletion,Alyson Raphael
44,The,insert,Alyson Raphael
45,. It,deletion,Alyson Raphael
46,. . .,insert,Alyson Raphael
47,[and so on],deletion,Alyson Raphael
48,",",deletion,Alyson Raphael
49,rather than,insert,Alyson Raphael
50,not “causes”,deletion,Alyson Raphael
51,is obviously,deletion,Alyson Raphael
52,was,insert,Alyson Raphael
53,", who",insert,Alyson Raphael
54,today,insert,Alyson Raphael
55,often,insert,Alyson Raphael
56,. The modern cause lawyer,deletion,Alyson Raphael
57,go around soliciting,deletion,Alyson Raphael
58,solicit,insert,Alyson Raphael
59,", and",insert,Alyson Raphael
60,. And she,deletion,Alyson Raphael
61,by,insert,Alyson Raphael
62,to,deletion,Alyson Raphael
63,ing oneself,insert,Alyson Raphael
64,e,deletion,Alyson Raphael
65,herself,deletion,Alyson Raphael
66,both of,deletion,Alyson Raphael
67,s,insert,Alyson Raphael
68,—,insert,Alyson Raphael
69,",",deletion,Alyson Raphael
71,all of this,deletion,Alyson Raphael
72,both,insert,Alyson Raphael
73,practices,insert,Alyson Raphael
0,avowed,deletion,Amanda Spangler
1,happened only,insert,Amanda Spangler
2,only happened,deletion,Amanda Spangler
3,e nineteenth,insert,Amanda Spangler
4,e 19th,deletion,Amanda Spangler
7,in general,deletion,Amanda Spangler
11,professionalization and,deletion,Amanda Spangler
14,"In fact,",deletion,Amanda Spangler
15,T,insert,Amanda Spangler
16,t,deletion,Amanda Spangler
17,quite,deletion,Amanda Spangler
18,A,insert,Amanda Spangler
19,a,deletion,Amanda Spangler
20,nineteenth,insert,Amanda Spangler
21,19th,deletion,Amanda Spangler
23,",",deletion,Amanda Spangler
24,",",insert,Amanda Spangler
25,",",deletion,Amanda Spangler
31,",",deletion,Amanda Spangler
34,explicitly,deletion,Amanda Spangler
35,",",deletion,Amanda Spangler
39,B,insert,Amanda Spangler
40,And b,deletion,Amanda Spangler
41,Start with Alabama Code. It,deletion,Amanda Spangler
42,The Alabama Code,insert,Amanda Spangler
47,"Further,",insert,Amanda Spangler
48,And,deletion,Amanda Spangler
0,e,insert,AnashuaDutta
1,y,deletion,AnashuaDutta
2,r,deletion,AnashuaDutta
3,an,insert,AnashuaDutta
4,the,deletion,AnashuaDutta
5,only,deletion,AnashuaDutta
7,only,insert,AnashuaDutta
8,nineteenth,insert,AnashuaDutta
9,19th,deletion,AnashuaDutta
24,,insert,AnashuaDutta
25,,deletion,AnashuaDutta
26,"At that time, l",insert,AnashuaDutta
27,There are many reasons why l,deletion,AnashuaDutta
28,at that time,deletion,AnashuaDutta
29,due to many,insert,AnashuaDutta
30,reasons,insert,AnashuaDutta
31,a,deletion,AnashuaDutta
32,mode of thought,deletion,AnashuaDutta
33,thinking,insert,AnashuaDutta
34,in general,deletion,AnashuaDutta
35,that,deletion,AnashuaDutta
36,which,insert,AnashuaDutta
37,the,insert,AnashuaDutta
38,s,deletion,AnashuaDutta
39,which,insert,AnashuaDutta
40,that,deletion,AnashuaDutta
78,combined to create,deletion,AnashuaDutta
79,created,insert,AnashuaDutta
80,that sought,deletion,AnashuaDutta
106,seek to,deletion,AnashuaDutta
107,,insert,AnashuaDutta
108,that,deletion,AnashuaDutta
109,ing,insert,AnashuaDutta
110,s,deletion,AnashuaDutta
111,T,insert,AnashuaDutta
112,"In fact, t",deletion,AnashuaDutta
113,that were,deletion,AnashuaDutta
114,core,insert,AnashuaDutta
115,of,insert,AnashuaDutta
116,central to,deletion,AnashuaDutta
117,,insert,AnashuaDutta
118,,deletion,AnashuaDutta
119,(Alabama Code),insert,AnashuaDutta
120,“,deletion,AnashuaDutta
121,”,deletion,AnashuaDutta
122,instructive,insert,AnashuaDutta
123,exemplary,deletion,AnashuaDutta
124,A,insert,AnashuaDutta
125,a,deletion,AnashuaDutta
126,s,insert,AnashuaDutta
127,s from the end of the,deletion,AnashuaDutta
128,19th,deletion,AnashuaDutta
129,century,deletion,AnashuaDutta
130,.,insert,AnashuaDutta
131,;,deletion,AnashuaDutta
133,A,insert,AnashuaDutta
134,a,deletion,AnashuaDutta
135,",",deletion,AnashuaDutta
136,it,deletion,AnashuaDutta
137,American Bar Association,deletion,AnashuaDutta
138,ABA,insert,AnashuaDutta
139,regulatory,insert,AnashuaDutta
140,s,deletion,AnashuaDutta
167,BA,insert,AnashuaDutta
168,.B.A.,deletion,AnashuaDutta
169,of Ethics,insert,AnashuaDutta
170,,insert,AnashuaDutta
171,", for their part,",deletion,AnashuaDutta
196,would go,deletion,AnashuaDutta
197,went,insert,AnashuaDutta
198,",",deletion,AnashuaDutta
216,,deletion,AnashuaDutta
217,",",deletion,AnashuaDutta
218,"(including, incidentally, the duty of zealous advocacy)",insert,AnashuaDutta
219,for,insert,AnashuaDutta
220,,insert,AnashuaDutta
221,,deletion,AnashuaDutta
222,that,deletion,AnashuaDutta
223,"should follow (including, incidentally, the duty of zealous advocacy)",deletion,AnashuaDutta
224,.,deletion,AnashuaDutta
246,a,insert,AnashuaDutta
247,A,deletion,AnashuaDutta
248,both,deletion,AnashuaDutta
249,both,insert,AnashuaDutta
250,sets of codes,deletion,AnashuaDutta
251,,insert,AnashuaDutta
252,,deletion,AnashuaDutta
253,,insert,AnashuaDutta
254,Start with Alabama Code. It,deletion,AnashuaDutta
255,The Alabama Code,insert,AnashuaDutta
267,“,deletion,AnashuaDutta
268,”,deletion,AnashuaDutta
269,“,deletion,AnashuaDutta
270,”,deletion,AnashuaDutta
271,-,insert,AnashuaDutta
272,,deletion,AnashuaDutta
284,is,insert,AnashuaDutta
285,e,deletion,AnashuaDutta
286,contradict,insert,AnashuaDutta
287,s,insert,AnashuaDutta
288,the practices of the modern,insert,AnashuaDutta
289,is,deletion,AnashuaDutta
290,obviously,deletion,AnashuaDutta
291,hostile to the would-be,deletion,AnashuaDutta
292,,insert,AnashuaDutta
293,,deletion,AnashuaDutta
294,M,insert,AnashuaDutta
295,The m,deletion,AnashuaDutta
296,s,insert,AnashuaDutta
297,es,deletion,AnashuaDutta
298,they,insert,AnashuaDutta
299,she,deletion,AnashuaDutta
300,es,deletion,AnashuaDutta
301,themselves,insert,AnashuaDutta
302,herself,deletion,AnashuaDutta
303,practices,insert,AnashuaDutta
304,practice,deletion,AnashuaDutta
305,—,insert,AnashuaDutta
306,",",deletion,AnashuaDutta
307,e,insert,AnashuaDutta
308,ose,deletion,AnashuaDutta
309,,insert,AnashuaDutta
310,,deletion,AnashuaDutta
316,"however,",insert,AnashuaDutta
317,these,insert,AnashuaDutta
318,modern norms would be considered,insert,AnashuaDutta
319,all,deletion,AnashuaDutta
320,,insert,AnashuaDutta
321,of this would have been,deletion,AnashuaDutta
0,The development of a,deletion,Anna Butel
1,A,insert,Anna Butel
2,only,deletion,Anna Butel
3,happened,deletion,Anna Butel
4,developed,insert,Anna Butel
5,only,insert,Anna Butel
6,,insert,Anna Butel
7,,deletion,Anna Butel
8,,insert,Anna Butel
9,nineteenth,insert,Anna Butel
10,19th,deletion,Anna Butel
11,"There are many reasons why legal ethics took on a codified, regulatory form at that time, including",deletion,Anna Butel
12,T,insert,Anna Butel
13,t,deletion,Anna Butel
14,general,insert,Anna Butel
15,a,insert,Anna Butel
16,a more,deletion,Anna Butel
17,in gener,deletion,Anna Butel
18,and,insert,Anna Butel
19,al,deletion,Anna Butel
20,and,deletion,Anna Butel
21,particularly in,insert,Anna Butel
22,in particular,deletion,Anna Butel
23,white,deletion,Anna Butel
24,,insert,Anna Butel
25,all combined to create a powerful movement toward professionalization and professional self-regulation in the law,insert,Anna Butel
27,These forces combined to create a powerful movement for professionalization and professional self-regulation in the law.,deletion,Anna Butel
28,l,insert,Anna Butel
29,egally,insert,Anna Butel
30,in court,deletion,Anna Butel
31,,deletion,Anna Butel
32,s,deletion,Anna Butel
33,,insert,Anna Butel
34,"In fact,",deletion,Anna Butel
35,T,insert,Anna Butel
36,t,deletion,Anna Butel
37,(Alabama Code),insert,Anna Butel
38,",",insert,Anna Butel
39,eventually,insert,Anna Butel
40,,insert,Anna Butel
41,adopted,insert,Anna Butel
42,by eleven other sta,insert,Anna Butel
43,"tes,",insert,Anna Butel
44,,insert,Anna Butel
45,“,deletion,Anna Butel
46,”,deletion,Anna Butel
47,",",insert,Anna Butel
48,them,insert,Anna Butel
49,sel,insert,Anna Butel
50,ves,insert,Anna Butel
51,"modeled on Alabama’s Code,",insert,Anna Butel
52,The,deletion,Anna Butel
53,a,deletion,Anna Butel
54,labama Code was the first and most influential of the modern state bar codes,deletion,Anna Butel
55,from the,deletion,Anna Butel
56,end of the,deletion,Anna Butel
57,19th,deletion,Anna Butel
58,century,deletion,Anna Butel
59,"; after its promulgation, it was adopted by e",deletion,Anna Butel
61,leven other states,deletion,Anna Butel
62,",",deletion,Anna Butel
63,and it became the inspiration for the American Bar Association’s own efforts two decades later,deletion,Anna Butel
64,.,deletion,Anna Butel
85,The 1908 A,deletion,Anna Butel
86,.,deletion,Anna Butel
87,B,deletion,Anna Butel
88,.,deletion,Anna Butel
89,A,deletion,Anna Butel
90,.,deletion,Anna Butel
91,"Canons, for their part, became the first nationwide collection of lawyering standards and had an immediate and lasting effect on ethics codes across the country. The Canons would go on to dominate legal ethics for the next seventy years, and were the progenitors of the ABA Model Rules of Professional Conduct, which remain influential today.",deletion,Anna Butel
97,",",deletion,Anna Butel
98,"(including, incidentally, the duty of zealous advocacy)",deletion,Anna Butel
99,.,deletion,Anna Butel
101,,deletion,Anna Butel
109,a,insert,Anna Butel
110,A,deletion,Anna Butel
111,both sets of,deletion,Anna Butel
112,both,insert,Anna Butel
113,codes,deletion,Anna Butel
114,specifically,deletion,Anna Butel
115,,insert,Anna Butel
118,Start with Alabama Code. It,deletion,Anna Butel
119,The,insert,Anna Butel
120,Alabama Code,insert,Anna Butel
121,modern,insert,Anna Butel
122,the would-be,deletion,Anna Butel
123,s who do,insert,Anna Butel
124,. The modern cause lawyer does,deletion,Anna Butel
125,go around,deletion,Anna Butel
126,ing,deletion,Anna Butel
127,and,insert,Anna Butel
128,. And she,deletion,Anna Butel
129,es,deletion,Anna Butel
130,themselves,insert,Anna Butel
131,herself,deletion,Anna Butel
132,both of these were standard practice,deletion,Anna Butel
133,these practices were standard,insert,Anna Butel
134,the lawyers at the,deletion,Anna Butel
135,lawyers,insert,Anna Butel
136,the,insert,Anna Butel
137,those,deletion,Anna Butel
139,their actions,insert,Anna Butel
140,all of this,deletion,Anna Butel
0,only,deletion,Anna Colby
1,only,insert,Anna Colby
2,19th,deletion,Anna Colby
3,nineteenth,insert,Anna Colby
4,,insert,Anna Colby
5,There are many reasons why,deletion,Anna Colby
6,L,insert,Anna Colby
7,l,deletion,Anna Colby
8,"for many reasons,",insert,Anna Colby
9,",",deletion,Anna Colby
11,,insert,Anna Colby
12,their,deletion,Anna Colby
13,lawyers’,insert,Anna Colby
14,s,deletion,Anna Colby
15,"In fact, to",deletion,Anna Colby
16,To,insert,Anna Colby
17,codes,insert,Anna Colby
18,y,deletion,Anna Colby
19,that were quite,deletion,Anna Colby
20,“,deletion,Anna Colby
21,”,deletion,Anna Colby
22,A,insert,Anna Colby
23,a,deletion,Anna Colby
24,19th,deletion,Anna Colby
25,nineteenth,insert,Anna Colby
26,.,insert,Anna Colby
27,;,deletion,Anna Colby
29,A,insert,Anna Colby
30,a,deletion,Anna Colby
31,its,deletion,Anna Colby
32,the code’s,insert,Anna Colby
33,it was adopted by,deletion,Anna Colby
34,adopted the code,insert,Anna Colby
35,,insert,Anna Colby
36,.,deletion,Anna Colby
37,.,deletion,Anna Colby
38,.,deletion,Anna Colby
39,,insert,Anna Colby
40,", for their part,",deletion,Anna Colby
42,,insert,Anna Colby
43,.,insert,Anna Colby
44,",",deletion,Anna Colby
45,and,deletion,Anna Colby
46,The Canons,insert,Anna Colby
47,",",deletion,Anna Colby
49,,insert,Anna Colby
50,sets of,deletion,Anna Colby
51,,insert,Anna Colby
52,c,insert,Anna Colby
53,C,deletion,Anna Colby
54,,insert,Anna Colby
56,those,deletion,Anna Colby
58,,insert,Anna Colby
59,solicitation and public advertising,insert,Anna Colby
0,—,insert,Ben Phillips
1,",",deletion,Ben Phillips
2,,deletion,Ben Phillips
3,r,deletion,Ben Phillips
4,—,insert,Ben Phillips
5,",",deletion,Ben Phillips
6,only,deletion,Ben Phillips
7,only,insert,Ben Phillips
8,19th,deletion,Ben Phillips
9,nineteenth,insert,Ben Phillips
14,:,insert,Ben Phillips
15,", including",deletion,Ben Phillips
16,in,insert,Ben Phillips
33,the,deletion,Ben Phillips
34,lawyers’,insert,Ben Phillips
35,of lawyers,deletion,Ben Phillips
54,s,deletion,Ben Phillips
55,", to the contrary",deletion,Ben Phillips
56,that were quite,deletion,Ben Phillips
57,“,deletion,Ben Phillips
58,.,insert,Ben Phillips
59,.,insert,Ben Phillips
60,.,insert,Ben Phillips
61,”,deletion,Ben Phillips
62,A,insert,Ben Phillips
63,a,deletion,Ben Phillips
64,19th,deletion,Ben Phillips
65,nineteenth,insert,Ben Phillips
67,American Bar Association,deletion,Ben Phillips
68,A.B.A.,insert,Ben Phillips
84,.,insert,Ben Phillips
85,.,insert,Ben Phillips
86,.,insert,Ben Phillips
93,,deletion,Ben Phillips
94,the A.B.A.,insert,Ben Phillips
95,Canons and the Alabama Code,insert,Ben Phillips
96,codes,deletion,Ben Phillips
97,",",deletion,Ben Phillips
102,,insert,Ben Phillips
103,Start with,deletion,Ben Phillips
104,T,insert,Ben Phillips
105,,deletion,Ben Phillips
106,he,insert,Ben Phillips
107,,insert,Ben Phillips
108,. It,deletion,Ben Phillips
109,",",insert,Ben Phillips
113,c,insert,Ben Phillips
114,C,deletion,Ben Phillips
0,a recognizably,deletion,Brett Bethune
1,tried,deletion,Brett Bethune
2,tied,insert,Brett Bethune
3,19th,deletion,Brett Bethune
4,nineteenth,insert,Brett Bethune
6,s,deletion,Brett Bethune
7,To,insert,Brett Bethune
8,"In fact, to",deletion,Brett Bethune
9,A,insert,Brett Bethune
10,a,deletion,Brett Bethune
11,19th,deletion,Brett Bethune
12,nineteenth,insert,Brett Bethune
13,. A,insert,Brett Bethune
14,; a,deletion,Brett Bethune
17,",",deletion,Brett Bethune
18,",",deletion,Brett Bethune
20,Both,insert,Brett Bethune
21,And both,deletion,Brett Bethune
22,the,insert,Brett Bethune
23,", and",insert,Brett Bethune
24,. And,deletion,Brett Bethune
25,the,insert,Brett Bethune
27,those,deletion,Brett Bethune
29,behavior,insert,Brett Bethune
30,unethical.,insert,Brett Bethune
31,ethically improper.,deletion,Brett Bethune
0,There are many reasons why l,deletion,Carolyn Exarhakis
1,L,insert,Carolyn Exarhakis
2,for many reasons,insert,Carolyn Exarhakis
4,“,deletion,Carolyn Exarhakis
5,”,deletion,Carolyn Exarhakis
6,A,insert,Carolyn Exarhakis
7,a,deletion,Carolyn Exarhakis
9,,insert,Carolyn Exarhakis
12,And,deletion,Carolyn Exarhakis
13,B,insert,Carolyn Exarhakis
14,b,deletion,Carolyn Exarhakis
15,also,insert,Carolyn Exarhakis
16,she,deletion,Carolyn Exarhakis
17,they,insert,Carolyn Exarhakis
18,es,deletion,Carolyn Exarhakis
19,herself,deletion,Carolyn Exarhakis
20,themselves,insert,Carolyn Exarhakis
0,",",deletion,Claire Creighton
1,i,insert,Claire Creighton
2,ri,deletion,Claire Creighton
3,19th,deletion,Claire Creighton
4,,deletion,Claire Creighton
5,nineteenth,insert,Claire Creighton
7,,insert,Claire Creighton
8,There are,deletion,Claire Creighton
9,many reasons why,deletion,Claire Creighton
10,L,insert,Claire Creighton
11,l,deletion,Claire Creighton
12,for many reasons,insert,Claire Creighton
13,positivism,insert,Claire Creighton
14,a more positivistic mode of thought,deletion,Claire Creighton
15,,insert,Claire Creighton
16,in general,deletion,Claire Creighton
17,a,insert,Claire Creighton
18,nd,insert,Claire Creighton
19,particular,insert,Claire Creighton
20,ly within,insert,Claire Creighton
22,,insert,Claire Creighton
23,and,deletion,Claire Creighton
24,in particular,deletion,Claire Creighton
25,immigrant,insert,Claire Creighton
26,from immigrant backgrounds that,deletion,Claire Creighton
27,who,insert,Claire Creighton
28,white,deletion,Claire Creighton
29,corporate bar’s,insert,Claire Creighton
30,of the corporate bar,deletion,Claire Creighton
31,professionalizing,deletion,Claire Creighton
32,to professionalize,insert,Claire Creighton
47,,insert,Claire Creighton
62,"However,",insert,Claire Creighton
63,T,deletion,Claire Creighton
64,t,insert,Claire Creighton
65,,insert,Claire Creighton
66,", however,",deletion,Claire Creighton
67,s,deletion,Claire Creighton
68,,insert,Claire Creighton
69,,deletion,Claire Creighton
70,Rather,insert,Claire Creighton
71,"In fact, to the contrary",deletion,Claire Creighton
72,it is known,insert,Claire Creighton
73,we know it,deletion,Claire Creighton
74,“,deletion,Claire Creighton
75,”,deletion,Claire Creighton
76,alabama,deletion,Claire Creighton
77,Alabama,insert,Claire Creighton
78,foremost,insert,Claire Creighton
79,,insert,Claire Creighton
80,most influential,deletion,Claire Creighton
81,at,insert,Claire Creighton
82,,insert,Claire Creighton
83,from,deletion,Claire Creighton
84,nineteenth,insert,Claire Creighton
85,19th,deletion,Claire Creighton
87,it,deletion,Claire Creighton
88,ABA’s,insert,Claire Creighton
89,American Bar Association’s,deletion,Claire Creighton
90,own,deletion,Claire Creighton
91,,deletion,Claire Creighton
98,,insert,Claire Creighton
99,ABA,insert,Claire Creighton
100,A.B.A.,deletion,Claire Creighton
101,,insert,Claire Creighton
102,", for their part,",deletion,Claire Creighton
109,,insert,Claire Creighton
110,",",deletion,Claire Creighton
111,s,insert,Claire Creighton
120,,insert,Claire Creighton
121,sets of,deletion,Claire Creighton
122,the,insert,Claire Creighton
128,,insert,Claire Creighton
129,obviously,deletion,Claire Creighton
130,they,insert,Claire Creighton
131,she,deletion,Claire Creighton
132,es,deletion,Claire Creighton
133,themselves,insert,Claire Creighton
134,herself,deletion,Claire Creighton
135,e,insert,Claire Creighton
136,ose,deletion,Claire Creighton
139,,insert,Claire Creighton
140,their actions,insert,Claire Creighton
141,this,deletion,Claire Creighton
0,committee,insert,Courtney Neufeld
1,ied,insert,Courtney Neufeld
2,ried,deletion,Courtney Neufeld
3,avowed,deletion,Courtney Neufeld
4,only,deletion,Courtney Neufeld
5,happened,deletion,Courtney Neufeld
6,occurred,insert,Courtney Neufeld
7,only,insert,Courtney Neufeld
8,,insert,Courtney Neufeld
9,few,insert,Courtney Neufeld
10,.,insert,Courtney Neufeld
11,",",deletion,Courtney Neufeld
12,including,deletion,Courtney Neufeld
13,These reason,insert,Courtney Neufeld
14,s include,insert,Courtney Neufeld
15,d,insert,Courtney Neufeld
16,,insert,Courtney Neufeld
17,more,deletion,Courtney Neufeld
18,that discomfited white Anglo-Saxon legal elites,deletion,Courtney Neufeld
19,professionalizing,deletion,Courtney Neufeld
20,that cut across the learned professions,deletion,Courtney Neufeld
21,for professionalization,insert,Courtney Neufeld
23,These,deletion,Courtney Neufeld
24,The combination of these,insert,Courtney Neufeld
25,combined to,deletion,Courtney Neufeld
26,d,insert,Courtney Neufeld
27,professional,deletion,Courtney Neufeld
28,their,deletion,Courtney Neufeld
29,,deletion,Courtney Neufeld
30,"These codes did not, however",deletion,Courtney Neufeld
31,A,insert,Courtney Neufeld
32,lthough these codes made ethical responsibilities,insert,Courtney Neufeld
33,clearer,insert,Courtney Neufeld
34,the codes did not,insert,Courtney Neufeld
35,ize,insert,Courtney Neufeld
36,ate,deletion,Courtney Neufeld
37,s,deletion,Courtney Neufeld
38,"In fact, to the contrary,",deletion,Courtney Neufeld
39,T,insert,Courtney Neufeld
40,t,deletion,Courtney Neufeld
41,y,deletion,Courtney Neufeld
42,codes,insert,Courtney Neufeld
43,",",insert,Courtney Neufeld
44,to,insert,Courtney Neufeld
45,"the contrary,",insert,Courtney Neufeld
46,as we know it today,deletion,Courtney Neufeld
47,are,deletion,Courtney Neufeld
48,ify this hostilit,insert,Courtney Neufeld
49,y,insert,Courtney Neufeld
50,ary,deletion,Courtney Neufeld
51,A,insert,Courtney Neufeld
52,a,deletion,Courtney Neufeld
53,.,insert,Courtney Neufeld
54,;,deletion,Courtney Neufeld
56,after,deletion,Courtney Neufeld
57,After,insert,Courtney Neufeld
58,its,deletion,Courtney Neufeld
59,the Alabama Code’s,insert,Courtney Neufeld
60,,insert,Courtney Neufeld
61,",",deletion,Courtney Neufeld
62,it,deletion,Courtney Neufeld
63,,deletion,Courtney Neufeld
64,ABA,insert,Courtney Neufeld
65,American Bar Association,deletion,Courtney Neufeld
66,.,deletion,Courtney Neufeld
67,.,deletion,Courtney Neufeld
68,.,deletion,Courtney Neufeld
69,,insert,Courtney Neufeld
70,", for their part,",deletion,Courtney Neufeld
72,s,insert,Courtney Neufeld
74,,deletion,Courtney Neufeld
75,Both codes explicitly sought to regulate and professionalize the bar,deletion,Courtney Neufeld
76,",",deletion,Courtney Neufeld
77,B,insert,Courtney Neufeld
78,b,deletion,Courtney Neufeld
79,",",insert,Courtney Neufeld
80,,deletion,Courtney Neufeld
81,both codes explicitly sought to regulate and professionalize the bar,insert,Courtney Neufeld
82,"(including, incidentally, the duty of zealous advocacy)",deletion,Courtney Neufeld
84,"In addition to regulation and professionalization,",insert,Courtney Neufeld
85,S,insert,Courtney Neufeld
86,pecific precepts within the codes called into question standard practices of cause lawyering,insert,Courtney Neufeld
87,.,insert,Courtney Neufeld
88,,insert,Courtney Neufeld
89,Start with,deletion,Courtney Neufeld
90,"For example, the",insert,Courtney Neufeld
91,.,deletion,Courtney Neufeld
92,It,deletion,Courtney Neufeld
93,[and so on],deletion,Courtney Neufeld
94,go around,deletion,Courtney Neufeld
95,ing,deletion,Courtney Neufeld
96,.,deletion,Courtney Neufeld
97,a,insert,Courtney Neufeld
98,A,deletion,Courtney Neufeld
99,she,deletion,Courtney Neufeld
100,one,insert,Courtney Neufeld
101,her,deletion,Courtney Neufeld
102,particularly,deletion,Courtney Neufeld
103,who are,insert,Courtney Neufeld
104,those,deletion,Courtney Neufeld
106,", all of",deletion,Courtney Neufeld
107,ese standard practices,insert,Courtney Neufeld
108,is,deletion,Courtney Neufeld
0,a recognizably,deletion,Cynthia Karnezis
1,r,deletion,Cynthia Karnezis
2,avowed,deletion,Cynthia Karnezis
3,arose,insert,Cynthia Karnezis
4,only happened,deletion,Cynthia Karnezis
5,last,deletion,Cynthia Karnezis
6,late,insert,Cynthia Karnezis
7,decades of the,deletion,Cynthia Karnezis
8,Legal,insert,Cynthia Karnezis
9,There are many reasons why legal,deletion,Cynthia Karnezis
10,for various reasons,insert,Cynthia Karnezis
11,including,insert,Cynthia Karnezis
12,: (1),insert,Cynthia Karnezis
13,",",deletion,Cynthia Karnezis
14,including,deletion,Cynthia Karnezis
15,more,deletion,Cynthia Karnezis
16,in general,deletion,Cynthia Karnezis
17,(,insert,Cynthia Karnezis
18,particularly in,insert,Cynthia Karnezis
19,,insert,Cynthia Karnezis
20,and,deletion,Cynthia Karnezis
21,“,deletion,Cynthia Karnezis
22,”,deletion,Cynthia Karnezis
23,in particular,deletion,Cynthia Karnezis
24,),insert,Cynthia Karnezis
25,",",deletion,Cynthia Karnezis
26,; (2),insert,Cynthia Karnezis
27,an,insert,Cynthia Karnezis
28,an,deletion,Cynthia Karnezis
29,; (3),insert,Cynthia Karnezis
30,",",deletion,Cynthia Karnezis
31,;,insert,Cynthia Karnezis
32,and,insert,Cynthia Karnezis
33,(4),insert,Cynthia Karnezis
34,",",deletion,Cynthia Karnezis
35,and,deletion,Cynthia Karnezis
36,professionalizing,deletion,Cynthia Karnezis
37,that,deletion,Cynthia Karnezis
38,to professionalize various,insert,Cynthia Karnezis
39,cut across the,deletion,Cynthia Karnezis
40,professions,deletion,Cynthia Karnezis
41,occupations,insert,Cynthia Karnezis
43,professionalization and,deletion,Cynthia Karnezis
44,Consequently,insert,Cynthia Karnezis
45,In response,deletion,Cynthia Karnezis
46,codes of,insert,Cynthia Karnezis
47,codes,deletion,Cynthia Karnezis
48,shore up the,deletion,Cynthia Karnezis
49,raise the,insert,Cynthia Karnezis
50,,deletion,Cynthia Karnezis
52,T,insert,Cynthia Karnezis
53,T,deletion,Cynthia Karnezis
54,", however, de",insert,Cynthia Karnezis
55,did not,deletion,Cynthia Karnezis
56,",",deletion,Cynthia Karnezis
57,,deletion,Cynthia Karnezis
58,"however, seek to",deletion,Cynthia Karnezis
59,ize,insert,Cynthia Karnezis
60,d several,insert,Cynthia Karnezis
61,ate,deletion,Cynthia Karnezis
62,the,deletion,Cynthia Karnezis
63,that,deletion,Cynthia Karnezis
64,which,insert,Cynthia Karnezis
65,s,deletion,Cynthia Karnezis
66,impact,deletion,Cynthia Karnezis
67,"In fact, t",deletion,Cynthia Karnezis
68,"o the contrary,",deletion,Cynthia Karnezis
69,they,deletion,Cynthia Karnezis
70,included several precepts that were,deletion,Cynthia Karnezis
71,quite,deletion,Cynthia Karnezis
72,hostile to,deletion,Cynthia Karnezis
73,practices central,deletion,Cynthia Karnezis
74,to cause,deletion,Cynthia Karnezis
75,lawyering as,deletion,Cynthia Karnezis
76,we,deletion,Cynthia Karnezis
77,know,deletion,Cynthia Karnezis
78,it,deletion,Cynthia Karnezis
79,today.,deletion,Cynthia Karnezis
80,are,deletion,Cynthia Karnezis
81,ify this notion,insert,Cynthia Karnezis
82,ary,deletion,Cynthia Karnezis
83,"First, t",insert,Cynthia Karnezis
84,T,deletion,Cynthia Karnezis
85,A,insert,Cynthia Karnezis
86,a,deletion,Cynthia Karnezis
87,of the,deletion,Cynthia Karnezis
88,s,deletion,Cynthia Karnezis
89,from,deletion,Cynthia Karnezis
90,that originated in,insert,Cynthia Karnezis
91,the end of the,deletion,Cynthia Karnezis
92,the late,insert,Cynthia Karnezis
93,.,insert,Cynthia Karnezis
94,;,deletion,Cynthia Karnezis
96,,deletion,Cynthia Karnezis
97,A,insert,Cynthia Karnezis
98,a,deletion,Cynthia Karnezis
99,it was adopted by,deletion,Cynthia Karnezis
100,adopted the Code,insert,Cynthia Karnezis
101,",",deletion,Cynthia Karnezis
102,became the inspiration,deletion,Cynthia Karnezis
103,inspired,insert,Cynthia Karnezis
104,for,deletion,Cynthia Karnezis
105,American,deletion,Cynthia Karnezis
106,ABA’s,insert,Cynthia Karnezis
107,Bar Association’s,deletion,Cynthia Karnezis
108,"Second, t",insert,Cynthia Karnezis
109,T,deletion,Cynthia Karnezis
110,.,deletion,Cynthia Karnezis
111,.,deletion,Cynthia Karnezis
112,.,deletion,Cynthia Karnezis
113,,insert,Cynthia Karnezis
114,", for their part,",deletion,Cynthia Karnezis
115,and,deletion,Cynthia Karnezis
116,that,insert,Cynthia Karnezis
117,an,deletion,Cynthia Karnezis
118,ts,insert,Cynthia Karnezis
119,t,deletion,Cynthia Karnezis
120,across,deletion,Cynthia Karnezis
121,nationwide,insert,Cynthia Karnezis
122,the country,deletion,Cynthia Karnezis
124,would go on to,deletion,Cynthia Karnezis
125,d,insert,Cynthia Karnezis
126,,deletion,Cynthia Karnezis
127,,insert,Cynthia Karnezis
128,",",deletion,Cynthia Karnezis
129,were,deletion,Cynthia Karnezis
130,laid fertile groundwork for,insert,Cynthia Karnezis
131,the progenitors of,deletion,Cynthia Karnezis
132,development of the,insert,Cynthia Karnezis
133,,insert,Cynthia Karnezis
134,,insert,Cynthia Karnezis
135,explicitly sought to,deletion,Cynthia Karnezis
136,d,insert,Cynthia Karnezis
137,d,insert,Cynthia Karnezis
138,",",deletion,Cynthia Karnezis
139,that,deletion,Cynthia Karnezis
140,for,insert,Cynthia Karnezis
141,should,deletion,Cynthia Karnezis
142,to,insert,Cynthia Karnezis
143,",",deletion,Cynthia Karnezis
144,"incidentally,",deletion,Cynthia Karnezis
146,And,deletion,Cynthia Karnezis
147,,deletion,Cynthia Karnezis
148,B,insert,Cynthia Karnezis
149,b,deletion,Cynthia Karnezis
150,also,insert,Cynthia Karnezis
151,specifically,deletion,Cynthia Karnezis
152,“,insert,Cynthia Karnezis
153,”,insert,Cynthia Karnezis
154,,insert,Cynthia Karnezis
155,"For instance, the",insert,Cynthia Karnezis
156,Start with,deletion,Cynthia Karnezis
157,e,insert,Cynthia Karnezis
158,e. It,deletion,Cynthia Karnezis
159,:,insert,Cynthia Karnezis
160,that,deletion,Cynthia Karnezis
161,that,deletion,Cynthia Karnezis
162,Alabama,insert,Cynthia Karnezis
163,e that,insert,Cynthia Karnezis
164,e in which,deletion,Cynthia Karnezis
165,“cause,deletion,Cynthia Karnezis
166,”,deletion,Cynthia Karnezis
167,is,deletion,Cynthia Karnezis
168,directly,insert,Cynthia Karnezis
169,challenged,insert,Cynthia Karnezis
170,obviously,deletion,Cynthia Karnezis
171,hostile to,deletion,Cynthia Karnezis
172,e behavior of the,insert,Cynthia Karnezis
173,e would-be,deletion,Cynthia Karnezis
174,“,insert,Cynthia Karnezis
175,”,insert,Cynthia Karnezis
176,go around,deletion,Cynthia Karnezis
177,ing,deletion,Cynthia Karnezis
178,,insert,Cynthia Karnezis
179,.,deletion,Cynthia Karnezis
180,a,insert,Cynthia Karnezis
181,A,deletion,Cynthia Karnezis
182,she,deletion,Cynthia Karnezis
183,cultivate publicity to,deletion,Cynthia Karnezis
184,herself,deletion,Cynthia Karnezis
185,themselves,insert,Cynthia Karnezis
186,,insert,Cynthia Karnezis
187,particularly,deletion,Cynthia Karnezis
188,,insert,Cynthia Karnezis
189,bringing,deletion,Cynthia Karnezis
190,specific,deletion,Cynthia Karnezis
191,certain,insert,Cynthia Karnezis
192,kinds of,deletion,Cynthia Karnezis
193,both of these were,deletion,Cynthia Karnezis
194,this behavior was,insert,Cynthia Karnezis
195,the,deletion,Cynthia Karnezis
196,the,insert,Cynthia Karnezis
197,those,deletion,Cynthia Karnezis
199,"Under the Alabama Code,",deletion,Cynthia Karnezis
200,T,insert,Cynthia Karnezis
201,his behavior,insert,Cynthia Karnezis
202,", however,",insert,Cynthia Karnezis
203,,insert,Cynthia Karnezis
204,all of this,deletion,Cynthia Karnezis
205,been,deletion,Cynthia Karnezis
206,violated the Alabama Code.,insert,Cynthia Karnezis
207,ethically improper.,deletion,Cynthia Karnezis
0,corporate bar’s,insert,Dawson Honey
1,of the corporate bar,deletion,Dawson Honey
3,drafted and,deletion,Dawson Honey
4,"In fact,",deletion,Dawson Honey
5,T,insert,Dawson Honey
6,t,deletion,Dawson Honey
7,quite,deletion,Dawson Honey
8,central,insert,Dawson Honey
9,central,deletion,Dawson Honey
10,of,insert,Dawson Honey
11,to,deletion,Dawson Honey
12,A,insert,Dawson Honey
13,a,deletion,Dawson Honey
15,.,deletion,Dawson Honey
16,.,deletion,Dawson Honey
17,.,deletion,Dawson Honey
18,"for their part,",deletion,Dawson Honey
20,",",deletion,Dawson Honey
22,which,deletion,Dawson Honey
23,that,insert,Dawson Honey
24,she,deletion,Dawson Honey
25,they,insert,Dawson Honey
26,es,deletion,Dawson Honey
27,herself,deletion,Dawson Honey
28,themsel,insert,Dawson Honey
29,ves,insert,Dawson Honey
30,,insert,Dawson Honey
0,",",deletion,Elizabeth Americo
1,r,deletion,Elizabeth Americo
2,",",deletion,Elizabeth Americo
7,why,deletion,Elizabeth Americo
8,",",deletion,Elizabeth Americo
41,"In fact, t",deletion,Elizabeth Americo
42,T,insert,Elizabeth Americo
43,(The Cod,insert,Elizabeth Americo
44,e,insert,Elizabeth Americo
45,),insert,Elizabeth Americo
46,(,deletion,Elizabeth Americo
47,“,deletion,Elizabeth Americo
48,ABA,deletion,Elizabeth Americo
49,”,deletion,Elizabeth Americo
50,),deletion,Elizabeth Americo
51,(The Canons),insert,Elizabeth Americo
52,a,deletion,Elizabeth Americo
53,labama,deletion,Elizabeth Americo
55,",",deletion,Elizabeth Americo
63,1908 A,deletion,Elizabeth Americo
64,.,deletion,Elizabeth Americo
65,B,deletion,Elizabeth Americo
66,.,deletion,Elizabeth Americo
67,A,deletion,Elizabeth Americo
68,.,deletion,Elizabeth Americo
69,,deletion,Elizabeth Americo
76,",",deletion,Elizabeth Americo
82,",",deletion,Elizabeth Americo
86,Alabama,deletion,Elizabeth Americo
87,The,insert,Elizabeth Americo
90,",",deletion,Elizabeth Americo
94,s,insert,Elizabeth Americo
95,es,deletion,Elizabeth Americo
96,particular,deletion,Elizabeth Americo
97,,insert,Elizabeth Americo
98,. A,deletion,Elizabeth Americo
99,a,insert,Elizabeth Americo
100,they,insert,Elizabeth Americo
101,she,deletion,Elizabeth Americo
102,es,deletion,Elizabeth Americo
103,to advertise,deletion,Elizabeth Americo
104,by advertising themselves,insert,Elizabeth Americo
105,herself,deletion,Elizabeth Americo
106,of these,deletion,Elizabeth Americo
107,s,insert,Elizabeth Americo
108,those,deletion,Elizabeth Americo
109,who were,insert,Elizabeth Americo
113,T,insert,Elizabeth Americo
114,t,deletion,Elizabeth Americo
115,Alabama,deletion,Elizabeth Americo
116,all of this,deletion,Elizabeth Americo
117,soliciting clients and advertising,insert,Elizabeth Americo
0,", t",deletion,Elizabeth Choi
1,r,deletion,Elizabeth Choi
2,"ied to a bar association with the avowed aim of professional regulation,",deletion,Elizabeth Choi
3,nineteenth,insert,Elizabeth Choi
4,19th,deletion,Elizabeth Choi
7,L,insert,Elizabeth Choi
8,There are many reasons why l,deletion,Elizabeth Choi
9,due to,insert,Elizabeth Choi
10,", including",deletion,Elizabeth Choi
14,created,insert,Elizabeth Choi
15,combined to create,deletion,Elizabeth Choi
19,,deletion,Elizabeth Choi
20,T,insert,Elizabeth Choi
21,"In fact, t",deletion,Elizabeth Choi
22,A,insert,Elizabeth Choi
23,a,deletion,Elizabeth Choi
24,nineteenth,insert,Elizabeth Choi
25,19th,deletion,Elizabeth Choi
27,,insert,Elizabeth Choi
28,",",deletion,Elizabeth Choi
29,it,deletion,Elizabeth Choi
30,BA,insert,Elizabeth Choi
31,me,deletion,Elizabeth Choi
32,rican Bar Association,deletion,Elizabeth Choi
46,,insert,Elizabeth Choi
47,",",insert,Elizabeth Choi
48,.,deletion,Elizabeth Choi
56,a,insert,Elizabeth Choi
57,A,deletion,Elizabeth Choi
58,both,deletion,Elizabeth Choi
59,sets of,deletion,Elizabeth Choi
60,codes,deletion,Elizabeth Choi
61,The,insert,Elizabeth Choi
62,Start with,deletion,Elizabeth Choi
63,n,insert,Elizabeth Choi
64,. It n,deletion,Elizabeth Choi
75,and,insert,Elizabeth Choi
76,. And she,deletion,Elizabeth Choi
77,themselves,insert,Elizabeth Choi
78,herself,deletion,Elizabeth Choi
0,",",deletion,Emily Grassett
1,r,deletion,Emily Grassett
2,",",deletion,Emily Grassett
3,nineteen,insert,Emily Grassett
4,th,insert,Emily Grassett
5,19th,deletion,Emily Grassett
6,There are many reasons why l,deletion,Emily Grassett
7,L,insert,Emily Grassett
8,",",insert,Emily Grassett
9,and,deletion,Emily Grassett
11,"In fact,",deletion,Emily Grassett
12,T,insert,Emily Grassett
13,t,deletion,Emily Grassett
14,codes,insert,Emily Grassett
15,y,deletion,Emily Grassett
16,as we know it,deletion,Emily Grassett
17,still recognized,insert,Emily Grassett
18,“,deletion,Emily Grassett
19,”,deletion,Emily Grassett
20,A,insert,Emily Grassett
21,a,deletion,Emily Grassett
22,19th,deletion,Emily Grassett
23,ninetheen,insert,Emily Grassett
24,.,insert,Emily Grassett
25,;,deletion,Emily Grassett
27,A,insert,Emily Grassett
28,a,deletion,Emily Grassett
29,merican,deletion,Emily Grassett
30,ar,deletion,Emily Grassett
31,A,insert,Emily Grassett
32,Association,deletion,Emily Grassett
33,.,deletion,Emily Grassett
34,.,deletion,Emily Grassett
35,.,deletion,Emily Grassett
37,would go on,deletion,Emily Grassett
38,went on,insert,Emily Grassett
39,",",deletion,Emily Grassett
40,–,insert,Emily Grassett
41,(,deletion,Emily Grassett
42,),deletion,Emily Grassett
44,",",insert,Emily Grassett
45,specifically,deletion,Emily Grassett
46,Start with,deletion,Emily Grassett
47,The,insert,Emily Grassett
48,.,deletion,Emily Grassett
49,,deletion,Emily Grassett
50,I,deletion,Emily Grassett
51,t,deletion,Emily Grassett
52,in which,deletion,Emily Grassett
53,that,insert,Emily Grassett
54,and,insert,Emily Grassett
55,. And she,deletion,Emily Grassett
56,os,deletion,Emily Grassett
58,all of this would have been,deletion,Emily Grassett
59,their actions would,insert,Emily Grassett
60,have,insert,Emily Grassett
61,be,insert,Emily Grassett
62,en,insert,Emily Grassett
0,A recognizably modern legal ethics,insert,Hayley Roth
1,",",insert,Hayley Roth
2,tied to a bar association with the avowed aim of professional regulation,insert,Hayley Roth
3,",",insert,Hayley Roth
4,,insert,Hayley Roth
5,did not develop until the,insert,Hayley Roth
6,The development of a,deletion,Hayley Roth
7,recognizably modern legal ethics,deletion,Hayley Roth
8,", tried to a bar association with the avowed aim of professional regulation,",deletion,Hayley Roth
9,only,deletion,Hayley Roth
10,happened,deletion,Hayley Roth
11,,deletion,Hayley Roth
12,in the,deletion,Hayley Roth
13,last decades of the,deletion,Hayley Roth
14,late,insert,Hayley Roth
15,nineteenth,insert,Hayley Roth
16,19th,deletion,Hayley Roth
20,There are many reasons why,deletion,Hayley Roth
21,L,insert,Hayley Roth
22,l,deletion,Hayley Roth
23,at that time,deletion,Hayley Roth
24,as a result of,insert,Hayley Roth
25,many,insert,Hayley Roth
26,contemporary,insert,Hayley Roth
27,"factors, including",insert,Hayley Roth
28,", including",deletion,Hayley Roth
29,more,deletion,Hayley Roth
34,professional,deletion,Hayley Roth
39,s,deletion,Hayley Roth
40,fact,deletion,Hayley Roth
41,"fact,",insert,Hayley Roth
42,", to the contrary",deletion,Hayley Roth
43,",",deletion,Hayley Roth
44,quite,deletion,Hayley Roth
45,now,insert,Hayley Roth
46,,deletion,Hayley Roth
47,,insert,Hayley Roth
48,,deletion,Hayley Roth
49,as we know it,deletion,Hayley Roth
50,today,deletion,Hayley Roth
51,“,deletion,Hayley Roth
52,”,deletion,Hayley Roth
53,exemplary,deletion,Hayley Roth
54,examples,insert,Hayley Roth
55,A,insert,Hayley Roth
56,a,deletion,Hayley Roth
57,;,insert,Hayley Roth
58,from the end of the 19th century;,deletion,Hayley Roth
60,became the inspiration for,deletion,Hayley Roth
61,inspired,insert,Hayley Roth
62,BA,insert,Hayley Roth
63,merican Bar Association,deletion,Hayley Roth
67,.,deletion,Hayley Roth
68,.,deletion,Hayley Roth
69,.,deletion,Hayley Roth
70,,insert,Hayley Roth
71,", for their part,",deletion,Hayley Roth
76,", which",insert,Hayley Roth
77,go on to,deletion,Hayley Roth
78,",",deletion,Hayley Roth
79,",",insert,Hayley Roth
80,and,deletion,Hayley Roth
84,,deletion,Hayley Roth
85,",",deletion,Hayley Roth
86,",",deletion,Hayley Roth
87,"incidentally,",deletion,Hayley Roth
92,,insert,Hayley Roth
93,Start with,deletion,Hayley Roth
94,"First, the",insert,Hayley Roth
95,. It,deletion,Hayley Roth
103,M,insert,Hayley Roth
104,The m,deletion,Hayley Roth
105,s,insert,Hayley Roth
106,es,deletion,Hayley Roth
107,go around soliciting,deletion,Hayley Roth
108,solicit,insert,Hayley Roth
109,", a",insert,Hayley Roth
110,. A,deletion,Hayley Roth
111,she,deletion,Hayley Roth
112,they,insert,Hayley Roth
113,es,deletion,Hayley Roth
114,herself,deletion,Hayley Roth
115,themselves,insert,Hayley Roth
116,s,insert,Hayley Roth
117,prototypical public interest impact litigators,insert,Hayley Roth
118,lawyers a,deletion,Hayley Roth
119,at,insert,Hayley Roth
120,t,deletion,Hayley Roth
121,",",deletion,Hayley Roth
122,.,insert,Hayley Roth
130,those prototypical public interest impact litigators.,deletion,Hayley Roth
134,all of,deletion,Hayley Roth
135,conduct,insert,Hayley Roth
0,,insert,Hope Harriman
1,,deletion,Hope Harriman
2,r,deletion,Hope Harriman
3,19th,deletion,Hope Harriman
4,ninteenth,insert,Hope Harriman
6,:,insert,Hope Harriman
7,",",deletion,Hope Harriman
8,including,deletion,Hope Harriman
9,",",insert,Hope Harriman
10,",",deletion,Hope Harriman
11,that cut across the,deletion,Hope Harriman
12,in all,insert,Hope Harriman
14,ed,insert,Hope Harriman
15,s,deletion,Hope Harriman
16,public,insert,Hope Harriman
17,"In fact, to",deletion,Hope Harriman
18,To,insert,Hope Harriman
19,they,deletion,Hope Harriman
20,the codes,insert,Hope Harriman
21,practices central to cause,deletion,Hope Harriman
22,"Consider, for example, t",insert,Hope Harriman
23,T,deletion,Hope Harriman
24,are exemplary,deletion,Hope Harriman
25,A,insert,Hope Harriman
26,a,deletion,Hope Harriman
27,19th,deletion,Hope Harriman
28,nineteenth,insert,Hope Harriman
29,y. A,insert,Hope Harriman
30,y; a,deletion,Hope Harriman
34,"Moreover, b",insert,Hope Harriman
35,And b,deletion,Hope Harriman
36,made,deletion,Hope Harriman
37,cast suspicion on,insert,Hope Harriman
39,suspect,deletion,Hope Harriman
40,.,deletion,Hope Harriman
41,", or lawyering designed to advance a specific ideological or social belief.",insert,Hope Harriman
42,Start,deletion,Hope Harriman
43,"In particular, the",insert,Hope Harriman
44,with,deletion,Hope Harriman
45,e,insert,Hope Harriman
46,e. It,deletion,Hope Harriman
47,she,deletion,Hope Harriman
48,they,insert,Hope Harriman
49,does,deletion,Hope Harriman
50,do,insert,Hope Harriman
51,herself,deletion,Hope Harriman
52,themselves,insert,Hope Harriman
54,those,deletion,Hope Harriman
55,who were the,insert,Hope Harriman
0,r,deletion,Jace Jenican
1,only,deletion,Jace Jenican
2,only,insert,Jace Jenican
3,;,insert,Jace Jenican
4,",",deletion,Jace Jenican
5,;,insert,Jace Jenican
6,",",deletion,Jace Jenican
7,;,insert,Jace Jenican
8,",",deletion,Jace Jenican
10,", to the contrary",deletion,Jace Jenican
11,“,deletion,Jace Jenican
12,”,deletion,Jace Jenican
13,A,insert,Jace Jenican
14,a,deletion,Jace Jenican
15,nineteenth,insert,Jace Jenican
16,19,deletion,Jace Jenican
17,th,deletion,Jace Jenican
19,.,deletion,Jace Jenican
20,.,deletion,Jace Jenican
21,.,deletion,Jace Jenican
22,", for their part,",deletion,Jace Jenican
24,",",deletion,Jace Jenican
26,ing,insert,Jace Jenican
27,the,insert,Jace Jenican
28,", i",insert,Jace Jenican
29,. I,deletion,Jace Jenican
30,in the sense in which a,deletion,Jace Jenican
31,“,deletion,Jace Jenican
32,cause lawyer,deletion,Jace Jenican
33,”,deletion,Jace Jenican
34,as in,insert,Jace Jenican
35,ing,insert,Jace Jenican
36,s,deletion,Jace Jenican
37,The m,deletion,Jace Jenican
38,M,insert,Jace Jenican
39,s,insert,Jace Jenican
40,es,deletion,Jace Jenican
41,they,insert,Jace Jenican
42,she,deletion,Jace Jenican
43,,insert,Jace Jenican
44,es,deletion,Jace Jenican
45,herself,deletion,Jace Jenican
46,themselves,insert,Jace Jenican
0,The development of a,deletion,Jacob Demree
1,A,insert,Jacob Demree
2,",",deletion,Jacob Demree
3,r,deletion,Jacob Demree
4,",",deletion,Jacob Demree
5,happened,deletion,Jacob Demree
6,developed,insert,Jacob Demree
10,There are many reasons why l,deletion,Jacob Demree
11,L,insert,Jacob Demree
12,for many reasons,insert,Jacob Demree
13,in general,deletion,Jacob Demree
14,",",insert,Jacob Demree
15,,insert,Jacob Demree
16,,deletion,Jacob Demree
17,"an emerging critique of the ethics of the corporate bar, and a general professionalizing urge across the learned professions",insert,Jacob Demree
18,in particular,deletion,Jacob Demree
19,A,insert,Jacob Demree
20,a,deletion,Jacob Demree
21,further,insert,Jacob Demree
22,that,deletion,Jacob Demree
23,.,insert,Jacob Demree
24,", an emerging critique of the ethics of the corporate bar, and a general professionalizing urge that cut across the learned professions",deletion,Jacob Demree
57,that undergird,deletion,Jacob Demree
58,s,deletion,Jacob Demree
59,undergirding,insert,Jacob Demree
60,"In fact, to",deletion,Jacob Demree
61,To,insert,Jacob Demree
62,they,deletion,Jacob Demree
63,codes such as the 1887 Alabama State Bar Association Code of Ethics and the 1908 American Bar Association (“ABA”) Canons of Ethics,insert,Jacob Demree
64,were,deletion,Jacob Demree
65,would be,insert,Jacob Demree
66,practices central to,deletion,Jacob Demree
67,today’s,insert,Jacob Demree
68,as we know it today,deletion,Jacob Demree
69,The 1887 Alabama State Bar Association Code of Ethics and the 1908 American Bar Association (“ABA”) Canons of Ethics are exemplary.,deletion,Jacob Demree
70,a,deletion,Jacob Demree
71,A,insert,Jacob Demree
72,.,insert,Jacob Demree
73,from the end of the 19th century;,deletion,Jacob Demree
75,a,deletion,Jacob Demree
76,A,insert,Jacob Demree
77,",",deletion,Jacob Demree
78,it,deletion,Jacob Demree
79,American Bar Association’s,deletion,Jacob Demree
80,ABA’s,insert,Jacob Demree
88,A.B.A.,deletion,Jacob Demree
89,ABA,insert,Jacob Demree
90,", for their part,",deletion,Jacob Demree
98,",",deletion,Jacob Demree
104,explicitly,deletion,Jacob Demree
105,",",deletion,Jacob Demree
106,a,deletion,Jacob Demree
107,s,insert,Jacob Demree
108,that,deletion,Jacob Demree
109,for,insert,Jacob Demree
110,should,deletion,Jacob Demree
111,t,insert,Jacob Demree
112,o,insert,Jacob Demree
113,,insert,Jacob Demree
123,And both,deletion,Jacob Demree
124,Both,insert,Jacob Demree
125,The,insert,Jacob Demree
126,Start with,deletion,Jacob Demree
127,. It,deletion,Jacob Demree
128,,insert,Jacob Demree
131,in the sense in,deletion,Jacob Demree
132,for,insert,Jacob Demree
133,for a “cause.”,deletion,Jacob Demree
134,.,insert,Jacob Demree
137,obviously,deletion,Jacob Demree
138,go around soliciting,deletion,Jacob Demree
139,solicit,insert,Jacob Demree
140,And s,deletion,Jacob Demree
141,S,insert,Jacob Demree
142,particularly,deletion,Jacob Demree
143,both of,deletion,Jacob Demree
144,s,insert,Jacob Demree
145,lawyers,deletion,Jacob Demree
146,prototypical public interest impact litigators,insert,Jacob Demree
147,those prototypical public interest impact litigators,deletion,Jacob Demree
152,all of this,deletion,Jacob Demree
153,their practices,insert,Jacob Demree
0,,deletion,Jake Hill
2,—,insert,Jake Hill
3,",",deletion,Jake Hill
4,r,deletion,Jake Hill
5,—,insert,Jake Hill
6,",",deletion,Jake Hill
7,,insert,Jake Hill
8,.,insert,Jake Hill
9,", including",deletion,Jake Hill
10,A,insert,Jake Hill
11,the rise of a,deletion,Jake Hill
12,in the,insert,Jake Hill
13,began to take hold.  N,insert,Jake Hill
14,", an influx of n",deletion,Jake Hill
15,that,deletion,Jake Hill
16,.,insert,Jake Hill
17,A c,insert,Jake Hill
18,",",deletion,Jake Hill
19,,deletion,Jake Hill
20,an emerging c,deletion,Jake Hill
21,"emerged. Lastly,",insert,Jake Hill
22,", and",deletion,Jake Hill
23,there was,insert,Jake Hill
25,,insert,Jake Hill
26,,insert,Jake Hill
27,"However, t",insert,Jake Hill
28,,insert,Jake Hill
30,T,deletion,Jake Hill
31,,insert,Jake Hill
32,", however,",deletion,Jake Hill
33,s,deletion,Jake Hill
34,,insert,Jake Hill
35,T,insert,Jake Hill
36,"In fact, t",deletion,Jake Hill
37,cause,deletion,Jake Hill
38,,insert,Jake Hill
39,,deletion,Jake Hill
41,T,insert,Jake Hill
42,,deletion,Jake Hill
43,T,deletion,Jake Hill
44,are,deletion,Jake Hill
45,were,insert,Jake Hill
46,,insert,Jake Hill
47,A,insert,Jake Hill
48,a,deletion,Jake Hill
49,.,insert,Jake Hill
50,;,deletion,Jake Hill
52,A,insert,Jake Hill
53,a,deletion,Jake Hill
54,it,deletion,Jake Hill
55,the Code,insert,Jake Hill
56,",",deletion,Jake Hill
57,it,deletion,Jake Hill
58,,insert,Jake Hill
59,,insert,Jake Hill
60,", for their part,",deletion,Jake Hill
62,,insert,Jake Hill
63,",",deletion,Jake Hill
64,,insert,Jake Hill
66,",",deletion,Jake Hill
67,—,insert,Jake Hill
68,(,deletion,Jake Hill
69,,insert,Jake Hill
70,", incidentally,",deletion,Jake Hill
71,),deletion,Jake Hill
73,,insert,Jake Hill
74,And,deletion,Jake Hill
75,However,insert,Jake Hill
76,",",insert,Jake Hill
77,specifically,deletion,Jake Hill
79,Start with,deletion,Jake Hill
80,The,insert,Jake Hill
81,,insert,Jake Hill
82,. It,deletion,Jake Hill
83,",",deletion,Jake Hill
84,",",deletion,Jake Hill
85,,insert,Jake Hill
86,,deletion,Jake Hill
87,,insert,Jake Hill
88,,insert,Jake Hill
89,", and",insert,Jake Hill
90,. A,deletion,Jake Hill
91,nd,deletion,Jake Hill
92,,insert,Jake Hill
93,—the,insert,Jake Hill
94,", those",deletion,Jake Hill
96,,insert,Jake Hill
0,r,deletion,Jay Prapaisilp
1,only,deletion,Jay Prapaisilp
2,happened,deletion,Jay Prapaisilp
3,occurred,insert,Jay Prapaisilp
4,only,insert,Jay Prapaisilp
5,,insert,Jay Prapaisilp
6,There are,deletion,Jay Prapaisilp
7,M,insert,Jay Prapaisilp
8,m,deletion,Jay Prapaisilp
9,reasons,deletion,Jay Prapaisilp
10,factors,insert,Jay Prapaisilp
11,explain,insert,Jay Prapaisilp
12,the,insert,Jay Prapaisilp
13,W,insert,Jay Prapaisilp
14,w,deletion,Jay Prapaisilp
16,law,deletion,Jay Prapaisilp
17,legal field,insert,Jay Prapaisilp
18,ize,insert,Jay Prapaisilp
19,ate,deletion,Jay Prapaisilp
20,"In fact, t",deletion,Jay Prapaisilp
21,T,insert,Jay Prapaisilp
22,“,deletion,Jay Prapaisilp
23,”,deletion,Jay Prapaisilp
24,are exemplary,deletion,Jay Prapaisilp
25,serve as examples,insert,Jay Prapaisilp
26,A,insert,Jay Prapaisilp
27,a,deletion,Jay Prapaisilp
28,was,deletion,Jay Prapaisilp
29,became,insert,Jay Prapaisilp
30,.,insert,Jay Prapaisilp
31,;,deletion,Jay Prapaisilp
33,A,insert,Jay Prapaisilp
34,a,deletion,Jay Prapaisilp
35,",",deletion,Jay Prapaisilp
36,it was adopted by,deletion,Jay Prapaisilp
37,adopted it,insert,Jay Prapaisilp
38,it,insert,Jay Prapaisilp
39,it became the inspiration for the,deletion,Jay Prapaisilp
40,inspired the,insert,Jay Prapaisilp
41,American Bar Association’s,deletion,Jay Prapaisilp
42,ABA’s,insert,Jay Prapaisilp
43,.,deletion,Jay Prapaisilp
44,.,deletion,Jay Prapaisilp
45,.,deletion,Jay Prapaisilp
46,,insert,Jay Prapaisilp
47,", for their part,",deletion,Jay Prapaisilp
48,had an,deletion,Jay Prapaisilp
49,ly,insert,Jay Prapaisilp
50,and,deletion,Jay Prapaisilp
51,i,insert,Jay Prapaisilp
52,mparted a,insert,Jay Prapaisilp
53,,insert,Jay Prapaisilp
55,would go on to,deletion,Jay Prapaisilp
56,d,insert,Jay Prapaisilp
57,",",deletion,Jay Prapaisilp
58,were,deletion,Jay Prapaisilp
59,eventually became,insert,Jay Prapaisilp
60,for,insert,Jay Prapaisilp
61,of,deletion,Jay Prapaisilp
62,",",deletion,Jay Prapaisilp
64,And b,deletion,Jay Prapaisilp
65,B,insert,Jay Prapaisilp
66,the,insert,Jay Prapaisilp
67,",",deletion,Jay Prapaisilp
68,",",insert,Jay Prapaisilp
69,",",deletion,Jay Prapaisilp
70,",",insert,Jay Prapaisilp
71,.,deletion,Jay Prapaisilp
72,.,insert,Jay Prapaisilp
73,she,deletion,Jay Prapaisilp
74,they,insert,Jay Prapaisilp
75,es,deletion,Jay Prapaisilp
76,herself,deletion,Jay Prapaisilp
77,their,insert,Jay Prapaisilp
78,as,deletion,Jay Prapaisilp
79,ly,deletion,Jay Prapaisilp
80,s,insert,Jay Prapaisilp
81,ed,deletion,Jay Prapaisilp
82,"lawyers at the NAACP Legal Defense Fund, the prototypical public interest impact litigators, use",insert,Jay Prapaisilp
83,methods,insert,Jay Prapaisilp
84,were,deletion,Jay Prapaisilp
85,as,insert,Jay Prapaisilp
86,"for the lawyers at the NAACP Legal Defense Fund,",deletion,Jay Prapaisilp
87,those,deletion,Jay Prapaisilp
88,prototypical public interest impact litigators,deletion,Jay Prapaisilp
90,this,deletion,Jay Prapaisilp
91,these practices,insert,Jay Prapaisilp
0,",",insert,Jon Kowalik
1,",",deletion,Jon Kowalik
2,and,insert,Jon Kowalik
3,",",deletion,Jon Kowalik
4,.,insert,Jon Kowalik
5,",",deletion,Jon Kowalik
6,These reasons,insert,Jon Kowalik
7,e:,insert,Jon Kowalik
8,ing,deletion,Jon Kowalik
9,",",insert,Jon Kowalik
10,the,insert,Jon Kowalik
11,a,deletion,Jon Kowalik
12,,deletion,Jon Kowalik
14,,insert,Jon Kowalik
15,,deletion,Jon Kowalik
16,,insert,Jon Kowalik
17,,deletion,Jon Kowalik
18,lawyers’,insert,Jon Kowalik
19,the,deletion,Jon Kowalik
20,of lawyers,deletion,Jon Kowalik
21,attorney,insert,Jon Kowalik
22,s’,insert,Jon Kowalik
23,their,deletion,Jon Kowalik
24,im,insert,Jon Kowalik
25,ize,insert,Jon Kowalik
26,imate,deletion,Jon Kowalik
27,s,deletion,Jon Kowalik
28,these codes,insert,Jon Kowalik
29,they,deletion,Jon Kowalik
30,cause,deletion,Jon Kowalik
31,cause lawyering,insert,Jon Kowalik
32,law,deletion,Jon Kowalik
33,y,deletion,Jon Kowalik
34,ering,deletion,Jon Kowalik
35,Of the modern state bar codes e,insert,Jon Kowalik
36,"stablished toward the end of the 19th century, t",insert,Jon Kowalik
37,T,deletion,Jon Kowalik
38,A,insert,Jon Kowalik
39,a,deletion,Jon Kowalik
40,of the modern state bar codes,deletion,Jon Kowalik
41,,deletion,Jon Kowalik
42,from,deletion,Jon Kowalik
43,the end of the 19th century,deletion,Jon Kowalik
44,.,insert,Jon Kowalik
45,;,deletion,Jon Kowalik
47,A,insert,Jon Kowalik
48,a,deletion,Jon Kowalik
49,eleven other states adopted,insert,Jon Kowalik
50,the Alabama Code,insert,Jon Kowalik
51,it,deletion,Jon Kowalik
52,",",insert,Jon Kowalik
53,"was adopted by eleven other states,",deletion,Jon Kowalik
54,ultimately,insert,Jon Kowalik
55,’,insert,Jon Kowalik
56,’,deletion,Jon Kowalik
57,.,deletion,Jon Kowalik
58,.,deletion,Jon Kowalik
59,.,deletion,Jon Kowalik
60,,insert,Jon Kowalik
61,"s, for their part,",deletion,Jon Kowalik
63,ABA,insert,Jon Kowalik
64,,insert,Jon Kowalik
65,,deletion,Jon Kowalik
66,",",deletion,Jon Kowalik
69,Furthermore,insert,Jon Kowalik
70,",",insert,Jon Kowalik
71,And,deletion,Jon Kowalik
72,F,insert,Jon Kowalik
73,irst,insert,Jon Kowalik
74,",",insert,Jon Kowalik
75,,insert,Jon Kowalik
76,consider the,insert,Jon Kowalik
77,Start with,deletion,Jon Kowalik
78,obviously,deletion,Jon Kowalik
79,"Additionally,",insert,Jon Kowalik
80,,insert,Jon Kowalik
81,And,deletion,Jon Kowalik
82,,deletion,Jon Kowalik
83,a,insert,Jon Kowalik
84,cause lawyer,insert,Jon Kowalik
85,she,deletion,Jon Kowalik
86,publicly,insert,Jon Kowalik
88,cultivate publicity to,deletion,Jon Kowalik
89,his or herself,insert,Jon Kowalik
90,herself,deletion,Jon Kowalik
91,activities,insert,Jon Kowalik
92,prototypical public interest impact litigators such as,insert,Jon Kowalik
93,", those prototypical public interest impact litigators",deletion,Jon Kowalik
0,a,deletion,Kacy Hobbis
1,",",deletion,Kacy Hobbis
2,tried,deletion,Kacy Hobbis
3,tied,insert,Kacy Hobbis
4,",",deletion,Kacy Hobbis
5,. The reasons,insert,Kacy Hobbis
6,",",deletion,Kacy Hobbis
7,e,insert,Kacy Hobbis
8,i,deletion,Kacy Hobbis
9,ng,deletion,Kacy Hobbis
10,more,deletion,Kacy Hobbis
11,that,deletion,Kacy Hobbis
12,which,insert,Kacy Hobbis
13,-,deletion,Kacy Hobbis
14,–,insert,Kacy Hobbis
15,n,insert,Kacy Hobbis
16,n,deletion,Kacy Hobbis
17,urge towards,insert,Kacy Hobbis
18,professionalizing,deletion,Kacy Hobbis
19,professionalization,insert,Kacy Hobbis
20,,insert,Kacy Hobbis
21,urge,deletion,Kacy Hobbis
23,professional,deletion,Kacy Hobbis
24,undergirds,deletion,Kacy Hobbis
25,are central to,insert,Kacy Hobbis
26,were,deletion,Kacy Hobbis
27,are,insert,Kacy Hobbis
28,exemplary,deletion,Kacy Hobbis
29,examples,insert,Kacy Hobbis
30,alabama,deletion,Kacy Hobbis
31,Alabama,insert,Kacy Hobbis
32,.,insert,Kacy Hobbis
33,;,deletion,Kacy Hobbis
35,A,insert,Kacy Hobbis
36,a,deletion,Kacy Hobbis
37,eleven,deletion,Kacy Hobbis
38,eleven,insert,Kacy Hobbis
39,,insert,Kacy Hobbis
40,",",deletion,Kacy Hobbis
41,it,deletion,Kacy Hobbis
42,.,deletion,Kacy Hobbis
43,.,deletion,Kacy Hobbis
44,.,deletion,Kacy Hobbis
45,",",deletion,Kacy Hobbis
46,"for their part,",deletion,Kacy Hobbis
48,would go on,deletion,Kacy Hobbis
49,went on,insert,Kacy Hobbis
50,should,deletion,Kacy Hobbis
51,must,insert,Kacy Hobbis
53,And,deletion,Kacy Hobbis
54,But,insert,Kacy Hobbis
55,the,insert,Kacy Hobbis
56,“cause,deletion,Kacy Hobbis
57,”,deletion,Kacy Hobbis
58,obviously,deletion,Kacy Hobbis
59,she,deletion,Kacy Hobbis
60,they,insert,Kacy Hobbis
61,es,deletion,Kacy Hobbis
62,herself,deletion,Kacy Hobbis
63,themselves,insert,Kacy Hobbis
64,both of,deletion,Kacy Hobbis
1,nineteenth,insert,Kaitlyn Tsai
2,19th,deletion,Kaitlyn Tsai
12,,insert,Kaitlyn Tsai
13,"Legal ethics took on a codified, regulatory form at that time for many reasons,",insert,Kaitlyn Tsai
14,T,deletion,Kaitlyn Tsai
15,"here are many reasons why legal ethics took on a codified, regulatory form at that time,",deletion,Kaitlyn Tsai
50,,insert,Kaitlyn Tsai
82,ize,insert,Kaitlyn Tsai
83,ate,deletion,Kaitlyn Tsai
84,s,deletion,Kaitlyn Tsai
85,“,deletion,Kaitlyn Tsai
86,”,deletion,Kaitlyn Tsai
87,A,insert,Kaitlyn Tsai
88,a,deletion,Kaitlyn Tsai
89,nineteenth,insert,Kaitlyn Tsai
90,19th,deletion,Kaitlyn Tsai
92,",",deletion,Kaitlyn Tsai
93,it,deletion,Kaitlyn Tsai
116,,insert,Kaitlyn Tsai
117,.,deletion,Kaitlyn Tsai
118,.,deletion,Kaitlyn Tsai
119,.,deletion,Kaitlyn Tsai
120,",",deletion,Kaitlyn Tsai
121,"for their part,",deletion,Kaitlyn Tsai
122,,deletion,Kaitlyn Tsai
142,,insert,Kaitlyn Tsai
143,",",deletion,Kaitlyn Tsai
159,",",deletion,Kaitlyn Tsai
187,,insert,Kaitlyn Tsai
205,,insert,Kaitlyn Tsai
206,The,deletion,Kaitlyn Tsai
207,M,insert,Kaitlyn Tsai
208,m,deletion,Kaitlyn Tsai
209,s,insert,Kaitlyn Tsai
210,es,deletion,Kaitlyn Tsai
211,they,insert,Kaitlyn Tsai
212,she,deletion,Kaitlyn Tsai
213,es,deletion,Kaitlyn Tsai
214,herself,deletion,Kaitlyn Tsai
215,themselves,insert,Kaitlyn Tsai
221,,insert,Kaitlyn Tsai
0,"The development of a recognizably modern legal ethics, tried to a bar association with the avowed aim of professional regulation, only happened in the last decades of the 19th century",deletion,Kendra Robbins
1,Modern legal ethics developed only recently towards the end of the 19th century as the bar association aimed to regulate its professional members,insert,Kendra Robbins
15,,deletion,Kendra Robbins
16,.,insert,Kendra Robbins
17,took on,deletion,Kendra Robbins
18,assumed,insert,Kendra Robbins
19,(particularly,insert,Kendra Robbins
20,),insert,Kendra Robbins
21,in particular,deletion,Kendra Robbins
22,the,deletion,Kendra Robbins
23,of the,deletion,Kendra Robbins
39,law,deletion,Kendra Robbins
40,legal industry,insert,Kendra Robbins
41,"seeking to shore up lawyers’ respectability,",insert,Kendra Robbins
42,bar associations,deletion,Kendra Robbins
43,bar associations,insert,Kendra Robbins
44,that sought to shore up the respectability of lawyers by making,deletion,Kendra Robbins
45,to make,insert,Kendra Robbins
46,lawyers’,insert,Kendra Robbins
47,their,deletion,Kendra Robbins
65,legitimate,deletion,Kendra Robbins
66,legitimize,insert,Kendra Robbins
67,"In fact, to",deletion,Kendra Robbins
68,To,insert,Kendra Robbins
69,A,insert,Kendra Robbins
70,a,deletion,Kendra Robbins
71,,insert,Kendra Robbins
73,of the,deletion,Kendra Robbins
76,s,deletion,Kendra Robbins
78,",",deletion,Kendra Robbins
79,it,deletion,Kendra Robbins
88,,insert,Kendra Robbins
89,", for their part,",deletion,Kendra Robbins
97,,insert,Kendra Robbins
98,,deletion,Kendra Robbins
99,",",deletion,Kendra Robbins
105,",",deletion,Kendra Robbins
109,And,deletion,Kendra Robbins
110,B,insert,Kendra Robbins
111,b,deletion,Kendra Robbins
112,also,insert,Kendra Robbins
113,Start with Alabama Code.,deletion,Kendra Robbins
115,It,deletion,Kendra Robbins
117,"First, the Alabama code",insert,Kendra Robbins
118,s,insert,Kendra Robbins
119,d,deletion,Kendra Robbins
122,By,deletion,Kendra Robbins
124,C,insert,Kendra Robbins
125,c,deletion,Kendra Robbins
126,",",deletion,Kendra Robbins
127,the Code,deletion,Kendra Robbins
129,“,deletion,Kendra Robbins
130,”,deletion,Kendra Robbins
133,", a",insert,Kendra Robbins
134,. A,deletion,Kendra Robbins
135,B,insert,Kendra Robbins
136,"Indeed, b",deletion,Kendra Robbins
137,actions,insert,Kendra Robbins
138,he,insert,Kendra Robbins
139,hose,deletion,Kendra Robbins
143,this,deletion,Kendra Robbins
144,the Legal Defense Fund’s practice,insert,Kendra Robbins
145,s,insert,Kendra Robbins
146,,insert,Kendra Robbins
0,",",deletion,Kimberly Saltz
1,",",deletion,Kimberly Saltz
2,nineteenth,insert,Kimberly Saltz
3,19th,deletion,Kimberly Saltz
4,general,insert,Kimberly Saltz
5,in general,deletion,Kimberly Saltz
6,",",insert,Kimberly Saltz
7,",",deletion,Kimberly Saltz
9,"In fact, to",deletion,Kimberly Saltz
10,To,insert,Kimberly Saltz
11,A,insert,Kimberly Saltz
12,a,deletion,Kimberly Saltz
13,19th,deletion,Kimberly Saltz
14,nineteenth,insert,Kimberly Saltz
15,.,insert,Kimberly Saltz
16,;,deletion,Kimberly Saltz
18,A,insert,Kimberly Saltz
19,a,deletion,Kimberly Saltz
20,it,deletion,Kimberly Saltz
21,the code,insert,Kimberly Saltz
22,", for their part,",deletion,Kimberly Saltz
24,",",deletion,Kimberly Saltz
25,",",deletion,Kimberly Saltz
27,the,insert,Kimberly Saltz
28,,insert,Kimberly Saltz
0,e,insert,Larry Brett
1,y,deletion,Larry Brett
2,r,deletion,Larry Brett
3,nineteenth,insert,Larry Brett
4,19th,deletion,Larry Brett
5,in,insert,Larry Brett
7,,deletion,Larry Brett
8,s,deletion,Larry Brett
9,"In fact, t",deletion,Larry Brett
10,T,insert,Larry Brett
11,“,deletion,Larry Brett
12,”,deletion,Larry Brett
13,A,insert,Larry Brett
14,a,deletion,Larry Brett
15,at,insert,Larry Brett
16,from,deletion,Larry Brett
17,nineteenth,insert,Larry Brett
18,19t,deletion,Larry Brett
19,h,deletion,Larry Brett
21,American Bar Association,deletion,Larry Brett
22,ABA,insert,Larry Brett
23,.,deletion,Larry Brett
24,.,deletion,Larry Brett
25,.,deletion,Larry Brett
27,",",deletion,Larry Brett
29,,insert,Larry Brett
30,",",deletion,Larry Brett
31,—,insert,Larry Brett
32,(,deletion,Larry Brett
33,),deletion,Larry Brett
35,And b,deletion,Larry Brett
36,B,insert,Larry Brett
37,also,insert,Larry Brett
38,Start with,deletion,Larry Brett
39,T,insert,Larry Brett
40,he,insert,Larry Brett
41,. It,deletion,Larry Brett
42,that,deletion,Larry Brett
43,",",insert,Larry Brett
45,The m,deletion,Larry Brett
46,M,insert,Larry Brett
47,s,insert,Larry Brett
48,es,deletion,Larry Brett
49,,insert,Larry Brett
50,. A,deletion,Larry Brett
51,a,insert,Larry Brett
52,she does,deletion,Larry Brett
53,ing,insert,Larry Brett
54,e,deletion,Larry Brett
55,themselves,insert,Larry Brett
56,,insert,Larry Brett
57,herself,deletion,Larry Brett
58,of these,deletion,Larry Brett
59,s,insert,Larry Brett
60,—,insert,Larry Brett
61,", those",deletion,Larry Brett
2,a,deletion,Luke Bittar
5,e,insert,Luke Bittar
6,y,deletion,Luke Bittar
9,r,deletion,Luke Bittar
26,There are many reasons why l,deletion,Luke Bittar
28,L,insert,Luke Bittar
30,for several reasons,insert,Luke Bittar
69,made ethical responsibilities clear and enforceable in court,insert,Luke Bittar
70,",",insert,Luke Bittar
71,to shore up,insert,Luke Bittar
72,the,insert,Luke Bittar
73,respectability,insert,Luke Bittar
74,of lawyers,insert,Luke Bittar
75,sought to shore up the respectability of lawyers by making their ethical responsibilities clear and enforceable in court,deletion,Luke Bittar
111,"However, t",insert,Luke Bittar
112,T,deletion,Luke Bittar
115,,insert,Luke Bittar
116,", however,",deletion,Luke Bittar
119,ize,insert,Luke Bittar
120,ate,deletion,Luke Bittar
123,s,deletion,Luke Bittar
126,-,insert,Luke Bittar
127,,deletion,Luke Bittar
130,"In fact,",deletion,Luke Bittar
132,T,insert,Luke Bittar
133,t,deletion,Luke Bittar
136,“,deletion,Luke Bittar
139,”,deletion,Luke Bittar
142,A,insert,Luke Bittar
143,a,deletion,Luke Bittar
150,it was adopted by,deletion,Luke Bittar
153,adopted it,insert,Luke Bittar
155,own,deletion,Luke Bittar
183,A.B.A,deletion,Luke Bittar
185,ABA,insert,Luke Bittar
186,.,deletion,Luke Bittar
211,",",deletion,Luke Bittar
232,"explicitly sought to regulate and professionalize the bar, by articulating",deletion,Luke Bittar
236,articulated,insert,Luke Bittar
238,", to explicitly regulate and professionalize the bar",insert,Luke Bittar
262,And,deletion,Luke Bittar
264,"Additionally,",insert,Luke Bittar
269,ing,insert,Luke Bittar
271,the,insert,Luke Bittar
273,", i",insert,Luke Bittar
274,. I,deletion,Luke Bittar
314,",",insert,Luke Bittar
315,.,deletion,Luke Bittar
318,a,insert,Luke Bittar
319,A,deletion,Luke Bittar
0,r,deletion,Mark Lipnickey
1,only,deletion,Mark Lipnickey
2,only,insert,Mark Lipnickey
3,19th,deletion,Mark Lipnickey
4,nineteenth,insert,Mark Lipnickey
8,–,insert,Mark Lipnickey
10,-,deletion,Mark Lipnickey
16,their,deletion,Mark Lipnickey
18,lawyers’,insert,Mark Lipnickey
23,s,deletion,Mark Lipnickey
24,T,insert,Mark Lipnickey
25,"In fact, t",deletion,Mark Lipnickey
26,“,deletion,Mark Lipnickey
27,”,deletion,Mark Lipnickey
28,A,insert,Mark Lipnickey
29,a,deletion,Mark Lipnickey
30,19th,deletion,Mark Lipnickey
31,nineteenth,insert,Mark Lipnickey
33,,insert,Mark Lipnickey
34,",",deletion,Mark Lipnickey
35,it,deletion,Mark Lipnickey
36,BA’s,insert,Mark Lipnickey
37,merican Bar Association’s,deletion,Mark Lipnickey
41,.,deletion,Mark Lipnickey
42,.,deletion,Mark Lipnickey
43,.,deletion,Mark Lipnickey
51,",",deletion,Mark Lipnickey
56,sets of,deletion,Mark Lipnickey
63,M,insert,Mark Lipnickey
64,The m,deletion,Mark Lipnickey
65,s,insert,Mark Lipnickey
66,es,deletion,Mark Lipnickey
67,she,deletion,Mark Lipnickey
68,they,insert,Mark Lipnickey
69,es,deletion,Mark Lipnickey
70,themselves,insert,Mark Lipnickey
71,herself,deletion,Mark Lipnickey
76,all of,deletion,Mark Lipnickey
77,this,deletion,Mark Lipnickey
78,these practices,insert,Mark Lipnickey
0,tried,deletion,Melinda Church
1,tied,insert,Melinda Church
2,only,deletion,Melinda Church
3,19th,deletion,Melinda Church
4,nineteenth,insert,Melinda Church
5,only,insert,Melinda Church
6,.,insert,Melinda Church
7,",",deletion,Melinda Church
8,including,deletion,Melinda Church
9,These include,insert,Melinda Church
11,legitimate,deletion,Melinda Church
12,legitimize,insert,Melinda Church
13,s,deletion,Melinda Church
14,"In fact, to the contrary",deletion,Melinda Church
15,To the contrary,insert,Melinda Church
16,alabama,deletion,Melinda Church
17,Alabama,insert,Melinda Church
18,19th,deletion,Melinda Church
19,nineteenth,insert,Melinda Church
21,,insert,Melinda Church
22,",",deletion,Melinda Church
23,it,deletion,Melinda Church
24,,insert,Melinda Church
25,own,deletion,Melinda Church
26,The,deletion,Melinda Church
27,"For their part, the",insert,Melinda Church
28,.,deletion,Melinda Church
29,.,deletion,Melinda Church
30,.,deletion,Melinda Church
31,", for their part,",deletion,Melinda Church
34,",",deletion,Melinda Church
35,"including, incidentally,",deletion,Melinda Church
36,incidentally including,insert,Melinda Church
38,"In addition, both",insert,Melinda Church
39,And both,deletion,Melinda Church
40,",",insert,Melinda Church
41,And,deletion,Melinda Church
42,They,insert,Melinda Church
43,s,deletion,Melinda Church
44,he,deletion,Melinda Church
45,does,deletion,Melinda Church
46,do,insert,Melinda Church
47,herself,deletion,Melinda Church
48,themselves,insert,Melinda Church
1,. Some reasons,insert,Molly Sherwood
2,",",deletion,Molly Sherwood
3,including,deletion,Molly Sherwood
4,include,insert,Molly Sherwood
6,", however,",insert,Molly Sherwood
7,,insert,Molly Sherwood
8,", however,",deletion,Molly Sherwood
10,"to the contrary,",deletion,Molly Sherwood
11,Examples include t,insert,Molly Sherwood
12,T,deletion,Molly Sherwood
13,“,deletion,Molly Sherwood
14,”,deletion,Molly Sherwood
15,are exemplary,deletion,Molly Sherwood
16,A,insert,Molly Sherwood
17,a,deletion,Molly Sherwood
19,merican Bar Association’s,deletion,Molly Sherwood
20,BA’s,insert,Molly Sherwood
21,A.B.A.,deletion,Molly Sherwood
22,ABA,insert,Molly Sherwood
23,,insert,Molly Sherwood
24,", for their part,",deletion,Molly Sherwood
26,",",deletion,Molly Sherwood
27,",",deletion,Molly Sherwood
29,And both,deletion,Molly Sherwood
31,Both,insert,Molly Sherwood
33,Start with,deletion,Molly Sherwood
34,The,insert,Molly Sherwood
35,,insert,Molly Sherwood
36,. It,deletion,Molly Sherwood
37,“,deletion,Molly Sherwood
38,”,deletion,Molly Sherwood
39,“,deletion,Molly Sherwood
40,”,deletion,Molly Sherwood
41,",",insert,Molly Sherwood
42,.,deletion,Molly Sherwood
43,And,deletion,Molly Sherwood
44,and,insert,Molly Sherwood
45,she,deletion,Molly Sherwood
46,they,insert,Molly Sherwood
47,es,deletion,Molly Sherwood
48,herself,deletion,Molly Sherwood
49,themselves,insert,Molly Sherwood
50,"Indeed,",deletion,Molly Sherwood
51,B,insert,Molly Sherwood
52,b,deletion,Molly Sherwood
53,s,insert,Molly Sherwood
54,who are,insert,Molly Sherwood
55,those,deletion,Molly Sherwood
1,There are many reasons why,deletion,Molly Sprick
2,L,insert,Molly Sprick
3,l,deletion,Molly Sprick
4,for many reasons,insert,Molly Sprick
6,s,deletion,Molly Sprick
7,"In fact, to",deletion,Molly Sprick
8,To,insert,Molly Sprick
9,“,deletion,Molly Sprick
10,”,deletion,Molly Sprick
11,A,insert,Molly Sprick
12,a,deletion,Molly Sprick
14,ABA’s,insert,Molly Sprick
15,American Bar Association’s,deletion,Molly Sprick
16,.,deletion,Molly Sprick
17,.,deletion,Molly Sprick
18,.,deletion,Molly Sprick
20,",",deletion,Molly Sprick
22,The m,deletion,Molly Sprick
23,M,insert,Molly Sprick
24,es,deletion,Molly Sprick
25,she does,deletion,Molly Sprick
26,they do,insert,Molly Sprick
28,herself,deletion,Molly Sprick
29,themselves,insert,Molly Sprick
0,There are many reasons,deletion,Natalia Ortiz
1,Many reasons explain,insert,Natalia Ortiz
2,. These,insert,Natalia Ortiz
3,reasons,insert,Natalia Ortiz
4,include,insert,Natalia Ortiz
5,", including",deletion,Natalia Ortiz
7,. They did this,insert,Natalia Ortiz
8,their,deletion,Natalia Ortiz
9,the,insert,Natalia Ortiz
10,of lawyers,insert,Natalia Ortiz
11,s,deletion,Natalia Ortiz
12,"to the contrary,",deletion,Natalia Ortiz
13,A,insert,Natalia Ortiz
14,a,deletion,Natalia Ortiz
16,. They,insert,Natalia Ortiz
17,and,deletion,Natalia Ortiz
18,.,deletion,Natalia Ortiz
20,The Canons,deletion,Natalia Ortiz
21,and,insert,Natalia Ortiz
22,would go on to,deletion,Natalia Ortiz
23,d,insert,Natalia Ortiz
24,.,insert,Natalia Ortiz
25,In fact,insert,Natalia Ortiz
26,",",insert,Natalia Ortiz
27,the Canons,insert,Natalia Ortiz
28,", and",deletion,Natalia Ortiz
29,. They a,insert,Natalia Ortiz
30,ccomplished this,insert,Natalia Ortiz
31,",",deletion,Natalia Ortiz
33,the,insert,Natalia Ortiz
34,obviously,deletion,Natalia Ortiz
35,seemingly,insert,Natalia Ortiz
36,M,insert,Natalia Ortiz
37,The m,deletion,Natalia Ortiz
38,s,insert,Natalia Ortiz
39,es,deletion,Natalia Ortiz
40,she,deletion,Natalia Ortiz
41,they,insert,Natalia Ortiz
42,es,deletion,Natalia Ortiz
43,herself,deletion,Natalia Ortiz
44,themselves,insert,Natalia Ortiz
46,all of,deletion,Natalia Ortiz
47,conduct,insert,Natalia Ortiz
1,only,insert,Neal Patel
2,nineteenth,insert,Neal Patel
3,19th,deletion,Neal Patel
4,". For instance,",insert,Neal Patel
5,",",deletion,Neal Patel
8,there was a,insert,Neal Patel
10,,insert,Neal Patel
14,codes such as the 1887 Alabama State Bar Association Code of Ethics and the 1908 American Bar Association (“ABA”) Canons of Ethics,insert,Neal Patel
16,A,insert,Neal Patel
17,a,deletion,Neal Patel
18,nineteen,insert,Neal Patel
19,th,insert,Neal Patel
20,19th,deletion,Neal Patel
23,ABA’s,insert,Neal Patel
24,.,deletion,Neal Patel
25,.,deletion,Neal Patel
26,.,deletion,Neal Patel
30,d,insert,Neal Patel
32,they,insert,Neal Patel
33,,deletion,Neal Patel
37,"Additionally,",insert,Neal Patel
38,,insert,Neal Patel
40,"First, t",insert,Neal Patel
41,he Alabama Code,insert,Neal Patel
42,",",insert,Neal Patel
43,;,insert,Neal Patel
44,.,deletion,Neal Patel
45,t,insert,Neal Patel
46,T,deletion,Neal Patel
47,",",insert,Neal Patel
48,.,deletion,Neal Patel
49,a,insert,Neal Patel
50,A,deletion,Neal Patel
52,are,insert,Neal Patel
54,prototypical public interest impact litigators,insert,Neal Patel
55,.,insert,Neal Patel
59,"However, u",insert,Neal Patel
60,U,deletion,Neal Patel
0,:,insert,Philip Reisen
1,;,insert,Philip Reisen
2,",",deletion,Philip Reisen
3,;,insert,Philip Reisen
4,",",deletion,Philip Reisen
5,;,insert,Philip Reisen
6,",",deletion,Philip Reisen
8,A,insert,Philip Reisen
9,a,deletion,Philip Reisen
11,",",deletion,Philip Reisen
13,",",deletion,Philip Reisen
14,",",deletion,Philip Reisen
16,“,insert,Philip Reisen
17,”,insert,Philip Reisen
18,Start with,deletion,Philip Reisen
19,The,insert,Philip Reisen
20,. It,deletion,Philip Reisen
21,…,insert,Philip Reisen
22,[and so on],deletion,Philip Reisen
23,",",insert,Philip Reisen
24,.,deletion,Philip Reisen
25,a,insert,Philip Reisen
27,A,deletion,Philip Reisen
0,Only in the last decade,insert,Rashaud Hannah
1,s of the 19th century has the development of a re,insert,Rashaud Hannah
3,cognizably modern legal ethics been tied to a bar association with the avowed aim of professional regulation.,insert,Rashaud Hannah
4,The development of a reco,deletion,Rashaud Hannah
5,"gnizably modern legal ethics, tried to a bar association with the avowed aim of professional regulation, only happened in the last decades of the 19th century.",deletion,Rashaud Hannah
6,:,insert,Rashaud Hannah
7,(1),insert,Rashaud Hannah
8,; (2),insert,Rashaud Hannah
9,",",deletion,Rashaud Hannah
10,; (3),insert,Rashaud Hannah
11,",",deletion,Rashaud Hannah
12,; (4),insert,Rashaud Hannah
13,",",deletion,Rashaud Hannah
15,s,deletion,Rashaud Hannah
16,A,insert,Rashaud Hannah
17,a,deletion,Rashaud Hannah
19,ABA,insert,Rashaud Hannah
20,American Bar Association,deletion,Rashaud Hannah
21,.,deletion,Rashaud Hannah
22,.,deletion,Rashaud Hannah
23,.,deletion,Rashaud Hannah
25,",",deletion,Rashaud Hannah
27,B,insert,Rashaud Hannah
28,And b,deletion,Rashaud Hannah
0,r,deletion,Raul Orozco
1,only happened,deletion,Raul Orozco
2,occurred,insert,Raul Orozco
3,,insert,Raul Orozco
4,;,insert,Raul Orozco
5,"for example,",insert,Raul Orozco
6,",",deletion,Raul Orozco
7,,deletion,Raul Orozco
8,including,deletion,Raul Orozco
12,,insert,Raul Orozco
13,combined,insert,Raul Orozco
14,,insert,Raul Orozco
15,to,deletion,Raul Orozco
16,d,insert,Raul Orozco
17,"However, t",insert,Raul Orozco
18,T,deletion,Raul Orozco
19,t,insert,Raul Orozco
20,"t, however,",deletion,Raul Orozco
21,legitimate,deletion,Raul Orozco
22,legitimize,insert,Raul Orozco
23,s,deletion,Raul Orozco
24,"In fact, to",deletion,Raul Orozco
25,To,insert,Raul Orozco
26,quite,deletion,Raul Orozco
27,current,insert,Raul Orozco
28,as we know it today,deletion,Raul Orozco
29,A,insert,Raul Orozco
30,a,deletion,Raul Orozco
32,it,deletion,Raul Orozco
33,was adopted by,deletion,Raul Orozco
34,adopted it,insert,Raul Orozco
35,(“A.B.A.”),insert,Raul Orozco
36,,insert,Raul Orozco
37,",",insert,Raul Orozco
38,and,deletion,Raul Orozco
40,,insert,Raul Orozco
41,would go,deletion,Raul Orozco
42,on to,deletion,Raul Orozco
43,d,insert,Raul Orozco
44,",",deletion,Raul Orozco
45,were,deletion,Raul Orozco
46,were,insert,Raul Orozco
47,,insert,Raul Orozco
48,s,insert,Raul Orozco
49,s,deletion,Raul Orozco
50,",",deletion,Raul Orozco
51,", for example,",insert,Raul Orozco
52,",",deletion,Raul Orozco
53,incidentally,deletion,Raul Orozco
54,",",deletion,Raul Orozco
56,,insert,Raul Orozco
57,And,deletion,Raul Orozco
58,B,insert,Raul Orozco
59,b,deletion,Raul Orozco
60,ing,insert,Raul Orozco
61,,insert,Raul Orozco
62,sense,deletion,Raul Orozco
63,context,insert,Raul Orozco
64,,insert,Raul Orozco
65,", a",insert,Raul Orozco
66,. A,deletion,Raul Orozco
67,she,deletion,Raul Orozco
68,they,insert,Raul Orozco
69,es,deletion,Raul Orozco
70,herself,deletion,Raul Orozco
71,themselves,insert,Raul Orozco
73,,insert,Raul Orozco
0,Only in the last decades of the,insert,Rolland Giberson
1,n,insert,Rolland Giberson
2,ineteenth,insert,Rolland Giberson
3,c,insert,Rolland Giberson
4,entury,insert,Rolland Giberson
5,"has a recognizably modern legal ethics, tied to a",insert,Rolland Giberson
6,b,insert,Rolland Giberson
7,ar association,insert,Rolland Giberson
8,"aiming at professional regulation, developed.",insert,Rolland Giberson
9,"The development of a recognizably modern legal ethics, tried to a bar association with the avowed aim of professional regulation, only happened in the last decades of the 19th century.",deletion,Rolland Giberson
10,,insert,Rolland Giberson
11,"There are many reasons why legal ethics took on a codified, regulatory form at that time, including",deletion,Rolland Giberson
12,t,deletion,Rolland Giberson
13,"he rise of a more positivistic mode of thought in the social sciences in general and “legal science” in particular, an influx of new legal practitioners from immigrant backgrounds that discomfited white Anglo-Saxon legal elites, an emerging critique of the ethics of the corporate bar, and a general professionalizing urge that cut across the learned professions.",deletion,Rolland Giberson
15,"This change was driven by numerous sources: the rise of a positivistic mode of thought in both the general social sciences and “legal science,” an influx of new legal practitioners from immigrant backgrounds discomfiting the white Anglo-Saxon legal elites, emerging critiques of the corporate bar’s ethics, and the general professionalizing of learned professions.",insert,Rolland Giberson
16,,insert,Rolland Giberson
17,.,insert,Rolland Giberson
18,,insert,Rolland Giberson
19,". In response,",deletion,Rolland Giberson
20,This prompted,insert,Rolland Giberson
21,,insert,Rolland Giberson
22,to draft and adopt,insert,Rolland Giberson
23,drafted and adopted,deletion,Rolland Giberson
24,codes of ethics,insert,Rolland Giberson
25,ethics,deletion,Rolland Giberson
26,codes that sought,deletion,Rolland Giberson
27,in attempts,insert,Rolland Giberson
28,to,deletion,Rolland Giberson
29,ize,insert,Rolland Giberson
30,ate,deletion,Rolland Giberson
31,"In fact, to the contrary,",deletion,Rolland Giberson
32,"Rather,",insert,Rolland Giberson
33,it,insert,Rolland Giberson
34,they,deletion,Rolland Giberson
35,that were quite,deletion,Rolland Giberson
36,modern,insert,Rolland Giberson
37,as we know it today,deletion,Rolland Giberson
38,.,deletion,Rolland Giberson
39,.,insert,Rolland Giberson
40,A,insert,Rolland Giberson
41,a,deletion,Rolland Giberson
42,crafted at,insert,Rolland Giberson
43,from,deletion,Rolland Giberson
44,nineteenth,insert,Rolland Giberson
45,19th,deletion,Rolland Giberson
46,.,insert,Rolland Giberson
47,;,deletion,Rolland Giberson
49,A,insert,Rolland Giberson
50,a,deletion,Rolland Giberson
51,was,insert,Rolland Giberson
52,it,deletion,Rolland Giberson
53,became,deletion,Rolland Giberson
54,Canons,insert,Rolland Giberson
55,own efforts,deletion,Rolland Giberson
56,"for their part,",deletion,Rolland Giberson
58,,insert,Rolland Giberson
59,would go on to,deletion,Rolland Giberson
60,ed,insert,Rolland Giberson
61,e,deletion,Rolland Giberson
62,,deletion,Rolland Giberson
64,,insert,Rolland Giberson
65,B,insert,Rolland Giberson
66,And b,deletion,Rolland Giberson
67,also,insert,Rolland Giberson
68,specifically,deletion,Rolland Giberson
69,,insert,Rolland Giberson
71,"For example, t",insert,Rolland Giberson
72,he,insert,Rolland Giberson
73,Start with,deletion,Rolland Giberson
74,.,deletion,Rolland Giberson
75,It,deletion,Rolland Giberson
76,,insert,Rolland Giberson
77,,insert,Rolland Giberson
78,"By “causes,” the",deletion,Rolland Giberson
79,defined “causes,insert,Rolland Giberson
80,” as,insert,Rolland Giberson
81,meant,deletion,Rolland Giberson
82,“cause,deletion,Rolland Giberson
83,‘cause,insert,Rolland Giberson
84,’,insert,Rolland Giberson
85,”,deletion,Rolland Giberson
86,,insert,Rolland Giberson
87,go around,deletion,Rolland Giberson
88,ing,deletion,Rolland Giberson
89,",",insert,Rolland Giberson
90,.,deletion,Rolland Giberson
91,a,insert,Rolland Giberson
92,A,deletion,Rolland Giberson
94,,insert,Rolland Giberson
0,,insert,Varant Anmahouni
0,", tried",deletion,Varant Anmahouni
1,tied,insert,Varant Anmahouni
2,avowed,deletion,Varant Anmahouni
3,nineteenth,insert,Varant Anmahouni
3,19th,deletion,Varant Anmahouni
4,Many reasons contributed to,insert,Varant Anmahouni
4,There are many reasons why,deletion,Varant Anmahouni
5,taking,insert,Varant Anmahouni
5,took,deletion,Varant Anmahouni
6,;,insert,Varant Anmahouni
6,",",deletion,Varant Anmahouni
7,;,insert,Varant Anmahouni
7,",",deletion,Varant Anmahouni
8,;,insert,Varant Anmahouni
8,",",deletion,Varant Anmahouni
9,urge to,insert,Varant Anmahouni
10,e,insert,Varant Anmahouni
10,ing,deletion,Varant Anmahouni
11,urge,deletion,Varant Anmahouni
12,,insert,Varant Anmahouni
13,factors,insert,Varant Anmahouni
13,forces,deletion,Varant Anmahouni
14,"However, these",insert,Varant Anmahouni
14,These,deletion,Varant Anmahouni
15,", however,",deletion,Varant Anmahouni
16,To,insert,Varant Anmahouni
16,"In fact, to",deletion,Varant Anmahouni
17,quite,deletion,Varant Anmahouni
18,“,deletion,Varant Anmahouni
19,”,deletion,Varant Anmahouni
20,A,insert,Varant Anmahouni
20,a,deletion,Varant Anmahouni
21,at,insert,Varant Anmahouni
21,from,deletion,Varant Anmahouni
22,nineteenth,insert,Varant Anmahouni
22,19th,deletion,Varant Anmahouni
23,.,insert,Varant Anmahouni
23,;,deletion,Varant Anmahouni
24,A,insert,Varant Anmahouni
24,a,deletion,Varant Anmahouni
25,,insert,Varant Anmahouni
26,ABA,insert,Varant Anmahouni
26,A.B.A.,deletion,Varant Anmahouni
27,,deletion,Varant Anmahouni
28,went,insert,Varant Anmahouni
28,would go,deletion,Varant Anmahouni
29,",",deletion,Varant Anmahouni
30,today,deletion,Varant Anmahouni
31,",",deletion,Varant Anmahouni
32,B,insert,Varant Anmahouni
32,And b,deletion,Varant Anmahouni
33,also,insert,Varant Anmahouni
34,Consider the,insert,Varant Anmahouni
34,Start with,deletion,Varant Anmahouni
35,,insert,Varant Anmahouni
35,,deletion,Varant Anmahouni
36,she,deletion,Varant Anmahouni
37,herself,deletion,Varant Anmahouni
1,", tried to a bar association with the avowed aim of professional regulation,",deletion,Zeqing Zheng
2,", forming bar association",insert,Zeqing Zheng
3,s,insert,Zeqing Zheng
4,with the avowed aim of professional regulation,insert,Zeqing Zheng
7,There are,deletion,Zeqing Zheng
8,M,insert,Zeqing Zheng
9,m,deletion,Zeqing Zheng
10,propelled,insert,Zeqing Zheng
11,why,deletion,Zeqing Zheng
12,to,insert,Zeqing Zheng
13,ake,insert,Zeqing Zheng
14,ook,deletion,Zeqing Zheng
15,the ethics of,deletion,Zeqing Zheng
16,’s ethics,insert,Zeqing Zheng
22,the,deletion,Zeqing Zheng
23,lawyers’,insert,Zeqing Zheng
24,of lawyers,deletion,Zeqing Zheng
31,", however,",insert,Zeqing Zheng
32,", however,",deletion,Zeqing Zheng
33,A,insert,Zeqing Zheng
34,a,deletion,Zeqing Zheng
35,of the,deletion,Zeqing Zheng
44,"For their part, t",insert,Zeqing Zheng
45,T,deletion,Zeqing Zheng
46,.,deletion,Zeqing Zheng
47,.,deletion,Zeqing Zheng
48,.,deletion,Zeqing Zheng
49,", for their part,",deletion,Zeqing Zheng
53,go on to,deletion,Zeqing Zheng
54,",",deletion,Zeqing Zheng
57,",",deletion,Zeqing Zheng
59,And,deletion,Zeqing Zheng
60,"Also,",insert,Zeqing Zheng
61,the,insert,Zeqing Zheng
62,obviously,deletion,Zeqing Zheng
63,s,insert,Zeqing Zheng
64,s,insert,Zeqing Zheng
65,es,deletion,Zeqing Zheng
66,she,deletion,Zeqing Zheng
67,they,insert,Zeqing Zheng
68,es,deletion,Zeqing Zheng
69,herself,deletion,Zeqing Zheng
70,themselves,insert,Zeqing Zheng
74,this,deletion,Zeqing Zheng
75,these,insert,Zeqing Zheng
